1,2,3,4,5,6,7,8,9,10,Prg,Total1,Total2,Year,Month,Pass/Fail
2,1,3,3,2,1,0,3,1,0,N,12,4,2022,3,P
2,1,0,0,0,0,0,0,0,0,V,3,0,2022,3,U
2,1,0,0,1,2,0,0,0,0,V,6,0,2022,3,U
2,2,3,1,0,2,0,0,0,0,V,10,0,2022,3,P
2,1,0,0,0,0,0,0,0,0,C,3,0,2022,3,U
3,3,3,3,3,3,3,1,0,0,N,18,4,2022,3,P
3,1,3,3,3,1,0,0,0,0,N,14,0,2022,3,P
3,3,3,3,3,3,3,3,1,0,B,18,7,2022,3,P
3,2,1,1,0,1,1,3,0,0,K,8,4,2022,3,U
2,0,3,1,0,2,0,0,0,0,I,8,0,2022,3,U
2,1,3,2,2,0,0,0,0,0,B,10,0,2022,3,P
3,3,3,3,3,1,0,3,0,0,K,16,3,2022,3,P
1,1,1,0,0,2,0,0,0,0,B,5,0,2022,3,U
2,3,3,3,3,2,2,0,0,0,B,16,2,2022,3,P
1,0,0,0,0,0,0,0,0,0,V,1,0,2022,3,U
3,2,3,0,0,1,0,0,0,0,L,9,0,2022,3,U
2,2,3,3,3,3,0,0,0,0,B,16,0,2022,3,P
3,1,3,3,2,2,0,0,0,0,B,14,0,2022,3,P
2,1,1,0,3,0,0,0,0,0,N,7,0,2022,3,U
1,0,1,0,3,1,0,0,0,0,E,6,0,2022,3,U
0,1,1,0,0,1,0,0,0,0,N,3,0,2022,3,U
2,1,3,3,0,2,0,0,0,0,V,11,0,2022,3,P
2,1,3,3,0,2,0,0,0,0,V,11,0,2022,3,P
1,2,3,3,3,1,2,0,0,0,E,13,2,2022,3,P
3,1,3,3,3,2,0,0,1,0,B,15,1,2022,3,P
3,0,3,3,3,2,3,0,1,0,W,14,4,2022,3,P
3,1,3,3,2,2,3,0,1,0,L,14,4,2022,3,P
0,1,0,0,0,0,0,0,0,0,Bi,1,0,2022,3,U
2,1,1,3,0,2,0,0,0,0,L,9,0,2022,3,P
1,1,2,0,0,1,0,0,0,0,E,5,0,2022,3,U
1,1,1,1,0,1,0,0,0,0,E,5,0,2022,3,U
3,1,3,3,3,2,0,0,0,0,W,15,0,2022,3,P
1,0,1,0,0,1,0,0,0,0,K,3,0,2022,3,U
2,1,0,0,3,1,0,0,0,0,C,7,0,2022,3,U
0,0,0,0,0,0,0,0,0,0,Bi,0,0,2022,3,U
2,1,3,0,3,0,0,0,0,0,L,9,0,2022,3,U
3,3,3,2,3,2,0,1,0,0,W,16,1,2022,3,P
1,0,0,1,3,0,0,0,0,0,E,5,0,2022,3,U
2,1,3,3,0,1,0,0,0,0,E,10,0,2022,3,P
3,1,2,0,0,0,0,0,0,0,Bi,6,0,2022,3,U
3,1,0,3,0,2,0,0,0,0,L,9,0,2022,3,U
2,1,3,3,3,3,1,0,0,0,L,15,1,2022,3,P
1,2,3,3,2,1,2,2,3,0,E,12,7,2022,3,P
2,1,1,3,2,1,0,0,0,0,V,10,0,2022,3,P
3,1,0,3,3,2,0,0,0,0,V,12,0,2022,3,P
1,1,1,0,1,1,0,0,0,0,V,5,0,2022,3,U
3,1,3,3,3,0,0,0,0,0,V,13,0,2022,3,P
3,3,3,3,3,2,0,0,0,0,B,17,0,2022,3,P
1,1,3,3,3,2,0,0,0,0,V,13,0,2022,3,P
3,3,3,3,3,2,3,0,0,0,K,17,3,2022,3,P
2,2,3,3,3,2,0,0,0,0,E,15,0,2022,3,P
2,1,1,2,3,2,0,0,0,0,W,11,0,2022,3,P
3,3,3,3,3,2,0,3,0,0,B,17,3,2022,3,P
2,1,1,0,0,0,0,0,0,0,V,4,0,2022,3,U
3,2,3,0,3,2,2,0,0,0,W,13,2,2022,3,P
2,1,1,1,0,1,0,0,0,0,E,6,0,2022,3,U
1,1,0,0,0,1,0,0,0,0,N,3,0,2022,3,U
0,1,3,0,2,1,0,0,0,0,E,7,0,2022,3,U
3,3,3,3,3,3,1,0,3,0,B,18,4,2022,3,P
2,1,1,3,0,0,0,0,0,0,L,7,0,2022,3,U
3,3,3,3,3,2,0,0,0,0,B,17,0,2022,3,P
1,1,3,3,3,3,0,0,0,0,Bi,14,0,2022,3,P
3,3,3,3,3,3,3,3,3,0,B,18,9,2022,3,P
2,3,1,1,3,0,0,0,0,0,L,10,0,2022,3,P
3,3,2,3,3,2,1,3,0,0,B,16,4,2022,3,P
1,1,1,3,0,2,0,0,0,0,L,8,0,2022,3,U
2,3,3,3,3,0,0,2,0,0,V,14,2,2022,3,P
0,1,3,3,3,2,3,1,0,0,I,12,4,2022,3,P
3,2,3,3,3,3,0,0,0,0,E,17,0,2022,3,P
1,1,3,0,0,0,0,0,0,0,E,5,0,2022,3,U
0,3,1,0,2,2,0,0,0,0,L,8,0,2022,3,U
3,1,3,3,3,3,0,0,0,0,W,16,0,2022,3,P
3,3,3,3,1,2,1,0,0,0,-,15,1,2022,3,P
1,0,3,0,0,1,0,0,0,0,BME,5,0,2022,3,U
2,2,1,1,3,1,0,3,0,0,N,10,3,2022,3,P
3,3,3,3,3,2,1,1,0,0,W,17,2,2022,3,P
3,1,3,3,3,1,1,0,0,0,V,14,1,2022,3,P
3,1,3,2,3,2,0,0,0,0,V,14,0,2022,3,P
2,1,3,3,3,1,0,2,0,0,V,13,2,2022,3,P
3,2,3,2,3,2,0,0,0,0,V,15,0,2022,3,P
0,1,3,3,3,1,0,0,0,0,L,11,0,2022,3,P
3,3,3,3,3,0,3,1,0,0,W,15,4,2022,3,P
3,3,3,3,3,2,2,1,0,0,W,17,3,2022,3,P
2,1,3,3,1,2,0,0,0,0,E,12,0,2022,3,P
3,2,1,3,3,2,0,0,0,0,V,14,0,2022,3,P
2,1,0,3,3,2,0,0,0,0,E,11,0,2022,3,P
3,1,3,2,0,2,0,0,0,0,K,11,0,2022,3,P
3,0,3,0,0,0,0,0,0,0,K,6,0,2022,3,U
3,3,3,3,0,3,0,0,0,0,L,15,0,2022,3,P
3,2,3,0,1,1,0,0,0,0,L,10,0,2022,3,P
1,2,1,3,3,1,2,3,0,0,N,11,5,2022,3,P
2,2,1,3,3,0,0,0,0,0,V,11,0,2022,3,P
3,3,3,0,0,2,0,0,0,0,K,11,0,2022,3,U
3,1,0,3,0,2,0,0,0,0,Bi,9,0,2022,3,U
2,1,3,0,0,0,0,0,0,0,L,6,0,2022,3,U
2,1,2,1,0,1,0,0,0,0,L,7,0,2022,3,U
3,1,3,2,2,2,0,0,0,0,K,13,0,2022,3,P
1,1,3,3,3,2,0,0,0,0,W,13,0,2022,3,P
2,2,3,1,3,2,0,0,0,0,W,13,0,2022,3,P
3,2,1,3,3,3,2,0,0,0,W,15,2,2022,3,P
1,0,1,0,1,0,0,0,0,0,I,3,0,2022,3,U
2,2,1,0,3,0,0,0,0,0,K,8,0,2022,3,U
3,1,3,0,3,1,0,0,0,0,K,11,0,2022,3,P
3,1,3,3,3,2,0,0,0,0,L,15,0,2022,3,P
0,1,0,0,0,0,0,0,0,0,V,1,0,2022,3,U
2,1,2,2,3,2,0,0,0,0,V,12,0,2022,3,P
1,1,0,0,0,2,0,0,0,0,L,4,0,2022,3,U
2,1,3,0,3,1,0,0,0,0,K,10,0,2022,3,P
1,0,0,0,2,0,0,0,0,0,N,3,0,2022,3,U
1,2,1,2,3,0,0,0,0,0,W,9,0,2022,3,P
3,2,3,3,0,3,0,0,0,0,B,14,0,2022,3,P
2,1,2,0,2,2,0,0,0,0,V,9,0,2022,3,P
3,2,1,3,3,2,2,1,0,0,B,14,3,2022,3,P
3,2,3,3,3,2,0,0,1,0,W,16,1,2022,3,P
2,2,1,2,3,1,0,0,0,0,V,11,0,2022,3,P
3,3,3,3,3,2,3,1,1,0,Bi,17,5,2022,3,P
0,0,2,0,0,0,0,0,0,0,W,2,0,2022,3,U
2,1,3,3,2,1,1,0,0,0,V,12,1,2022,3,P
2,0,3,0,3,1,0,0,0,0,W,9,0,2022,3,U
3,2,2,1,0,0,0,0,0,0,Bi,8,0,2022,3,U
1,1,1,1,2,1,0,0,0,0,D,7,0,2022,3,U
2,1,2,0,3,1,0,0,0,0,B,9,0,2022,3,P
1,1,3,2,3,1,0,0,0,0,Bi,11,0,2022,3,P
2,1,0,2,3,0,0,0,0,0,L,8,0,2022,3,U
0,0,0,0,0,0,0,0,0,0,V,0,0,2022,3,U
2,3,3,3,3,2,0,0,0,0,Bi,16,0,2022,3,P
3,1,3,3,3,0,0,0,0,0,K,13,0,2022,3,P
2,2,1,2,0,2,0,0,0,0,V,9,0,2022,3,P
2,1,2,2,2,0,0,0,0,0,K,9,0,2022,3,P
3,2,1,3,3,3,0,0,0,0,B,15,0,2022,3,P
2,0,1,2,0,2,0,0,0,0,W,7,0,2022,3,U
1,1,3,0,3,1,0,0,0,0,B,9,0,2022,3,P
1,1,1,1,2,1,0,0,0,0,C,7,0,2022,3,U
3,2,3,3,3,0,0,0,0,0,B,14,0,2022,3,P
1,1,0,0,0,0,0,0,0,0,L,2,0,2022,3,U
2,2,2,1,3,0,0,0,0,0,N,10,0,2022,3,P
2,3,3,3,2,1,0,2,0,0,N,14,2,2022,3,P
1,2,3,3,3,3,3,3,1,0,F,15,7,2022,3,P
0,0,1,0,0,0,0,0,0,0,L,1,0,2022,3,U
0,0,1,0,0,0,0,0,0,0,V,1,0,2022,3,U
1,2,2,0,0,0,0,0,0,0,L,5,0,2022,3,U
0,3,1,3,3,2,0,2,0,0,V,12,2,2022,3,P
2,2,1,0,1,0,0,0,0,0,V,6,0,2022,3,U
2,2,3,3,3,2,1,0,0,0,E,15,1,2022,3,P
1,2,3,1,3,0,0,0,0,0,L,10,0,2022,3,P
2,1,1,3,3,2,0,0,0,0,V,12,0,2022,3,P
2,1,3,3,3,1,0,0,0,0,V,13,0,2022,3,P
2,0,1,0,3,0,0,0,0,0,L,6,0,2022,3,U
2,1,1,1,0,1,0,0,0,0,B,6,0,2022,3,U
3,2,0,1,3,3,3,3,0,0,I,12,6,2022,3,P
3,2,3,2,2,2,1,2,0,0,V,14,3,2022,3,P
3,1,3,3,3,3,0,0,0,0,E,16,0,2022,3,P
0,1,2,0,2,1,0,0,0,0,V,6,0,2022,3,U
3,1,2,0,1,2,0,0,0,0,V,9,0,2022,3,P
3,2,3,3,0,0,0,0,0,0,V,11,0,2022,3,U
2,2,1,3,3,2,0,0,0,0,I,13,0,2022,3,P
3,2,3,3,3,3,0,1,0,0,V,17,1,2022,3,P
3,3,3,3,3,3,3,3,2,0,V,18,8,2022,3,P
1,1,3,3,2,1,0,0,0,0,-,11,0,2022,3,P
0,1,1,3,3,1,0,0,0,0,V,9,0,2022,3,P
0,1,0,0,0,0,0,0,0,0,V,1,0,2022,3,U
1,2,3,3,0,1,0,0,0,0,V,10,0,2022,3,P
0,0,0,0,0,0,0,0,0,0,V,0,0,2022,3,U
2,1,1,1,0,0,0,0,0,0,Bi,5,0,2022,3,U
0,1,3,0,0,0,0,0,0,0,E,4,0,2022,3,U
0,0,0,0,0,0,0,0,0,0,B,0,0,2022,3,U
3,3,3,3,2,1,0,0,0,0,V,15,0,2022,3,P
3,2,3,3,0,1,0,0,0,0,V,12,0,2022,3,P
3,3,3,3,3,3,3,3,0,0,B,18,6,2022,3,P
3,3,3,2,3,1,0,0,0,0,E,15,0,2022,3,P
1,0,1,0,3,0,0,0,0,0,V,5,0,2022,3,U
1,0,0,0,0,0,0,0,0,0,E,1,0,2022,3,U
3,1,3,3,3,2,0,0,0,0,W,15,0,2022,3,P
3,2,1,2,3,1,3,0,0,0,E,12,3,2022,3,P
3,2,1,1,0,2,0,0,0,0,N,9,0,2022,3,P
0,2,1,0,0,1,0,0,0,0,V,4,0,2022,3,U
0,2,3,2,1,1,0,0,0,0,N,9,0,2022,3,P
1,1,2,0,0,2,0,0,0,0,E,6,0,2022,3,U
0,1,3,0,0,2,0,0,0,0,N,6,0,2022,3,U
3,1,3,2,2,2,0,0,0,0,W,13,0,2022,3,P
3,3,3,3,3,3,0,0,0,0,V,18,0,2022,3,P
3,3,3,3,3,3,0,0,0,0,V,18,0,2022,3,P
1,1,3,1,0,2,0,0,0,0,W,8,0,2022,3,U
3,1,3,3,1,1,0,3,0,0,B,12,3,2022,3,P
1,1,3,2,0,0,0,0,0,0,Bi,7,0,2022,3,U
3,2,3,3,3,1,1,1,0,0,K,15,2,2022,3,P
1,0,0,2,0,0,0,0,0,0,E,3,0,2022,3,U
3,2,3,3,3,1,0,0,0,0,Bi,15,0,2022,3,P
1,2,2,0,3,1,0,0,0,0,E,9,0,2022,3,P
2,2,3,0,3,1,0,0,0,0,V,11,0,2022,3,P
1,3,3,3,3,2,0,0,0,0,D,15,0,2022,3,P
3,3,3,3,3,2,0,3,0,0,B,17,3,2022,3,P
1,1,3,3,3,1,0,0,0,0,V,12,0,2022,3,P
1,2,1,0,3,2,0,0,0,0,V,9,0,2022,3,P
3,1,3,3,0,0,0,0,0,0,Bi,10,0,2022,3,U
3,3,3,3,3,0,0,0,0,0,L,15,0,2022,3,P
1,2,0,0,0,2,1,0,0,0,L,5,1,2022,3,U
0,1,3,3,1,1,0,0,0,0,V,9,0,2022,3,P
2,2,3,2,3,0,3,0,0,0,K,12,3,2022,3,P
1,3,1,1,0,3,0,0,0,0,L,9,0,2022,3,P
1,3,2,0,2,1,0,0,0,0,W,9,0,2022,3,P
0,1,0,0,0,0,0,0,0,0,V,1,0,2022,3,U
3,3,3,1,3,2,0,0,0,0,W,15,0,2022,3,P
1,0,0,0,0,0,0,0,0,0,V,1,0,2022,3,U
3,3,3,3,3,3,3,3,3,1,N,18,10,2022,3,P
0,2,0,1,1,1,0,0,0,0,L,5,0,2022,3,U
0,0,0,0,0,0,0,0,0,0,C,0,0,2022,3,U
1,2,3,3,0,2,0,0,0,0,W,11,0,2022,3,P
2,2,3,0,1,1,0,0,0,0,K,9,0,2022,3,P
1,1,3,2,0,2,0,0,0,0,-,9,0,2022,3,P
2,2,3,2,3,2,0,0,0,0,W,14,0,2022,3,P
2,1,3,2,0,2,0,0,0,0,V,10,0,2022,3,P
3,2,3,0,2,3,0,0,0,0,B,13,0,2022,3,P
0,0,0,0,0,0,0,0,0,0,E,0,0,2022,3,U
1,0,3,0,0,1,0,0,0,0,MDI,5,0,2022,3,U
3,2,3,3,3,3,2,0,0,0,B,17,2,2022,3,P
3,3,3,2,3,2,3,3,1,0,W,16,7,2022,3,P
3,3,3,3,3,2,2,2,0,0,B,17,4,2022,3,P
1,2,1,3,3,2,0,0,0,0,MDI,12,0,2022,3,P
3,3,3,3,3,3,0,0,0,0,Bi,18,0,2022,3,P
2,2,3,0,3,2,0,0,0,0,E,12,0,2022,3,P
1,1,3,2,3,0,1,0,0,0,Bi,10,1,2022,3,P
2,2,1,3,3,3,3,3,2,0,B,14,8,2022,3,P
3,3,3,3,3,3,3,3,1,0,B,18,7,2022,3,P
3,1,1,0,3,2,0,0,0,0,K,10,0,2022,3,P
3,2,3,3,3,0,0,0,0,0,V,14,0,2022,3,P
2,0,0,0,3,1,0,0,0,0,V,6,0,2022,3,U
1,1,0,0,0,0,0,0,0,0,V,2,0,2022,3,U
1,3,3,3,3,1,0,2,0,0,E,14,2,2022,3,P
3,2,3,3,3,2,0,0,0,0,W,16,0,2022,3,P
3,3,3,3,3,3,2,1,0,0,-,18,3,2022,3,P
0,1,3,0,0,0,0,0,0,0,V,4,0,2022,3,U
1,2,3,0,3,0,0,0,0,0,Bi,9,0,2022,3,U
0,1,3,0,0,1,0,0,0,0,V,5,0,2022,3,U
2,1,0,3,0,2,0,0,0,0,V,8,0,2022,3,U
0,1,0,0,0,0,0,0,0,0,N,1,0,2022,3,U
2,1,0,3,3,0,0,0,0,0,V,9,0,2022,3,U
3,1,3,3,3,1,0,0,0,0,L,14,0,2022,3,P
3,3,3,2,3,2,0,0,0,0,L,16,0,2022,3,P
0,3,3,3,0,1,0,0,0,0,V,10,0,2022,3,U
0,0,0,0,0,0,0,0,0,0,Bi,0,0,2022,3,U
2,2,3,3,3,1,0,0,0,0,B,14,0,2022,3,P
2,1,3,3,3,2,0,0,0,0,K,14,0,2022,3,P
2,3,1,0,3,2,0,0,0,0,B,11,0,2022,3,P
1,1,0,0,2,0,0,0,0,0,V,4,0,2022,3,U
3,3,3,2,3,3,1,0,2,0,B,17,3,2022,3,P
3,2,1,3,3,1,0,2,0,0,W,13,2,2022,3,P
3,3,3,1,3,2,2,3,0,0,B,15,5,2022,3,P
3,2,3,1,3,1,0,0,0,0,B,13,0,2022,3,P
1,1,0,0,0,2,0,0,0,0,V,4,0,2022,3,U
3,2,3,3,3,0,1,1,0,0,V,14,2,2022,3,P
0,0,0,0,0,0,0,0,0,0,E,0,0,2022,3,U
2,1,3,3,3,1,0,0,0,0,K,13,0,2022,3,P
1,3,3,0,0,0,0,0,0,0,Bi,7,0,2022,3,U
0,0,0,0,0,0,0,0,0,0,L,0,0,2022,3,U
0,1,0,2,0,1,0,0,0,0,E,4,0,2022,3,U
0,1,3,3,2,2,1,1,0,0,I,11,2,2022,3,P
3,3,3,3,0,2,0,0,0,0,W,14,0,2022,3,P
1,0,1,0,0,0,0,0,0,0,M,2,0,2022,3,U
3,2,3,2,3,2,0,0,0,0,E,15,0,2022,3,P
0,2,0,0,0,1,0,0,0,0,E,3,0,2022,3,U
0,1,2,0,3,0,0,0,0,0,E,6,0,2022,3,U
1,2,3,0,3,2,0,1,0,0,N,11,1,2022,3,P
3,3,3,3,2,3,2,3,0,0,W,17,5,2022,3,P
0,0,1,0,0,1,0,0,0,0,V,2,0,2022,3,U
2,0,2,3,3,1,0,0,0,0,V,11,0,2022,3,P
0,0,0,0,0,0,0,0,0,0,B,0,0,2022,3,U
0,3,3,3,0,2,0,0,0,0,N,11,0,2022,3,U
2,3,1,2,0,2,3,3,0,0,N,10,6,2022,3,P
3,2,2,3,3,2,0,0,0,0,W,15,0,2022,3,P
2,0,3,0,0,0,0,0,0,0,B,5,0,2022,3,U
3,2,3,3,3,3,3,2,1,0,B,17,6,2022,3,P
2,2,3,3,3,0,2,0,0,0,E,13,2,2022,3,P
2,3,3,3,3,3,3,0,0,0,E,17,3,2022,3,P
3,1,0,2,0,1,0,0,0,0,BI,7,0,2022,3,U
2,3,3,3,3,3,2,2,0,0,W,17,4,2022,3,P
3,2,3,3,0,1,0,0,0,0,V,12,0,2022,3,P
3,0,0,0,0,0,0,0,0,0,BI,3,0,2022,3,U
2,2,3,1,0,1,0,0,0,0,W,9,0,2022,3,P
3,2,3,2,3,3,0,0,2,0,N,16,2,2022,3,P
0,3,0,3,0,1,0,0,0,0,N,7,0,2022,3,U
0,0,3,0,0,0,0,0,0,0,D,3,0,2022,3,U
2,3,0,3,3,1,2,2,0,0,E,12,4,2022,3,P
1,0,3,0,0,0,0,0,0,0,V,4,0,2022,3,U
2,3,1,2,3,2,3,1,0,0,N,13,4,2022,3,P
3,2,3,3,0,2,0,0,0,0,W,13,0,2022,3,P
3,3,2,2,3,3,0,1,0,0,N,16,1,2022,3,P
1,2,0,0,0,0,0,0,0,0,L,3,0,2022,3,U
1,1,3,0,0,0,0,0,0,0,V,5,0,2022,3,U
3,0,0,0,0,0,0,0,0,0,W,3,0,2022,3,U
3,2,3,1,0,1,0,0,0,0,K,10,0,2022,3,P
2,3,3,3,1,2,0,0,0,0,I,14,0,2022,3,P
1,1,0,0,2,0,0,0,0,0,W,4,0,2022,3,U
2,3,3,3,3,2,3,1,0,0,E,16,4,2022,3,P
2,0,3,0,3,1,0,0,0,0,E,9,0,2022,3,U
2,0,0,0,0,1,0,0,0,0,E,3,0,2022,3,U
1,2,2,3,3,0,0,1,0,0,L,11,1,2022,3,P
0,2,0,0,0,1,0,0,0,0,E,3,0,2022,3,U
3,3,3,3,0,2,0,0,0,0,BI,14,0,2022,3,P
2,1,3,0,3,1,0,0,0,0,B,10,0,2022,3,P
0,2,0,2,0,2,0,0,0,0,E,6,0,2022,3,U
1,0,0,0,0,0,0,0,0,0,BI,1,0,2022,3,U
3,3,3,3,3,2,2,2,2,0,L,17,6,2022,3,P
2,2,0,1,3,2,1,1,0,0,-,10,2,2022,3,P
3,1,0,3,2,2,0,0,0,0,N,11,0,2022,3,P
2,2,0,3,3,2,0,0,0,0,V,12,0,2022,3,P
2,0,1,0,0,0,0,0,0,0,K,3,0,2022,3,U
2,1,0,2,3,1,0,0,0,0,W,9,0,2022,3,P
0,0,3,0,1,0,0,0,0,0,E,4,0,2022,3,U
1,2,3,3,3,2,0,0,0,0,V,14,0,2022,3,P
3,3,1,3,1,2,0,0,0,0,W,13,0,2022,3,P
2,1,3,0,3,1,0,0,0,0,V,10,0,2022,3,P
3,3,3,1,0,2,0,0,0,0,BI,12,0,2022,3,P
1,0,0,0,0,0,0,0,0,0,BI,1,0,2022,3,U
2,3,3,3,3,2,2,0,0,0,E,16,2,2022,3,P
3,2,0,2,0,0,0,0,0,0,L,7,0,2022,3,U
0,1,0,3,2,0,0,0,0,0,V,6,0,2022,3,U
3,3,3,3,3,2,3,2,0,0,I,17,5,2022,3,P
1,1,2,2,3,0,0,0,0,0,-,9,0,2022,3,P
3,2,3,2,0,1,0,0,0,0,E,11,0,2022,3,P
1,1,0,0,2,0,0,0,0,0,V,4,0,2022,3,U
2,1,0,0,0,0,0,0,0,0,K,3,0,2022,3,U
2,0,0,0,0,0,0,0,0,0,K,2,0,2022,3,U
3,1,0,3,3,1,0,0,0,0,V,11,0,2022,3,P
3,3,3,3,2,3,3,1,3,0,K,17,7,2022,3,P
1,0,3,0,0,0,0,0,0,0,E,4,0,2022,3,U
3,1,1,0,3,0,0,0,0,0,K,8,0,2022,3,U
3,0,0,0,0,0,0,0,0,0,K,3,0,2022,3,U
3,2,3,2,0,2,0,0,0,0,E,12,0,2022,3,P
0,0,3,1,2,1,0,0,0,0,PI,7,0,2022,3,U
3,1,3,3,3,0,3,2,0,0,B,13,5,2022,3,P
2,1,1,3,3,2,0,0,0,0,V,12,0,2022,3,P
3,2,3,3,0,2,0,1,0,0,W,13,1,2022,3,P
0,1,1,0,0,0,0,0,0,0,N,2,0,2022,3,U
2,3,3,3,3,2,0,0,0,0,B,16,0,2022,3,P
0,0,3,0,0,0,0,0,0,0,N,3,0,2022,3,U
3,2,3,2,3,2,0,0,0,0,W,15,0,2022,3,P
1,2,2,0,2,0,0,0,0,0,V,7,0,2022,3,U
2,2,2,3,0,3,1,2,0,0,E,12,3,2022,3,P
2,1,0,0,3,0,0,0,0,0,L,6,0,2022,3,U
1,0,1,1,3,0,0,0,0,0,V,6,0,2022,3,U
1,0,1,0,0,0,0,0,0,0,K,2,0,2022,3,U
3,2,3,3,3,2,0,0,0,0,L,16,0,2022,3,P
2,1,3,2,0,1,0,0,0,0,L,9,0,2022,3,P
1,0,0,0,0,0,0,0,0,0,BI,1,0,2022,3,U
1,2,3,0,0,2,0,0,0,0,N,8,0,2022,3,U
3,2,3,3,3,1,0,0,0,0,L,15,0,2022,3,P
1,2,3,1,3,2,2,2,0,0,E,12,4,2022,3,P
0,2,2,3,3,3,0,0,0,0,-,13,0,2022,3,P
1,2,3,1,3,1,0,0,0,0,B,11,0,2022,3,P
3,2,3,1,3,0,0,0,0,0,-,12,0,2022,3,P
2,3,3,3,3,2,2,3,0,0,B,16,5,2022,3,P
1,2,3,3,3,2,2,3,0,0,W,14,5,2022,3,P
3,1,0,2,2,1,1,1,0,0,E,9,2,2022,3,P
1,0,0,1,3,1,0,0,0,0,K,6,0,2022,3,U
0,3,3,3,3,3,0,0,0,0,B,15,0,2022,3,P
1,3,3,1,0,1,2,0,0,0,BI,9,2,2022,3,P
0,0,0,0,0,0,0,0,0,0,V,0,0,2022,3,U
3,2,0,0,3,0,0,0,0,0,B,8,0,2022,3,U
0,1,0,2,3,0,0,0,0,0,V,6,0,2022,3,U
0,0,0,0,0,0,0,0,0,0,L,0,0,2022,3,U
2,3,2,3,3,3,2,2,0,0,W,16,4,2022,3,P
0,2,1,3,3,2,1,1,0,0,K,11,2,2022,3,P
1,1,0,2,3,0,0,0,0,0,L,7,0,2022,3,U
1,1,0,0,0,0,0,0,0,0,K,2,0,2022,3,U
2,2,3,2,3,2,0,0,0,0,N,14,0,2022,3,P
0,3,3,1,3,2,2,1,0,0,K,12,3,2022,3,P
3,0,1,1,0,0,0,0,0,0,E,5,0,2022,3,U
3,3,3,3,3,2,0,0,0,0,L,17,0,2022,3,P
3,2,0,3,0,1,0,0,0,0,V,9,0,2022,3,U
3,3,3,3,3,2,3,1,1,0,B,17,5,2022,3,P
3,3,3,3,3,3,3,1,0,0,B,18,4,2022,3,P
0,1,0,2,3,2,0,0,0,0,C,8,0,2022,3,U
0,0,0,0,0,0,0,0,0,0,V,0,0,2022,3,U
3,3,3,3,3,2,3,1,2,0,E,17,6,2022,3,P
3,2,3,3,0,2,0,0,0,0,E,13,0,2022,3,P
0,0,2,0,3,0,0,0,0,0,V,5,0,2022,3,U
1,0,1,0,0,0,0,0,0,0,BI,2,0,2022,3,U
0,0,1,0,0,1,0,0,0,0,W,2,0,2022,3,U
0,0,1,1,0,0,0,0,0,0,M,2,0,2022,3,U
3,1,3,3,1,0,0,0,0,0,K,11,0,2022,3,P
0,0,0,0,0,0,0,0,0,0,K,0,0,2022,3,U
0,2,1,0,0,3,0,0,0,0,BI,6,0,2022,3,U
1,3,2,1,0,3,0,0,0,0,L,10,0,2022,3,P
1,0,3,1,3,2,0,0,0,0,W,10,0,2022,3,P
2,1,3,3,1,1,0,0,0,0,BI,11,0,2022,3,P
3,2,3,2,3,2,0,3,0,0,V,15,3,2022,3,P
2,0,3,1,0,1,0,3,0,0,E,7,3,2022,3,U
3,2,3,3,3,1,1,1,0,0,V,15,2,2022,3,P
1,1,1,3,0,1,0,0,0,0,V,7,0,2022,3,U
2,0,3,0,0,2,0,0,0,0,BI,7,0,2022,3,U
3,3,3,3,3,3,2,3,2,0,B,18,7,2022,3,P
2,0,0,2,0,3,1,2,1,0,I,7,4,2022,3,U
0,1,2,0,0,0,0,0,0,0,L,3,0,2022,3,U
2,2,3,2,3,1,1,1,0,0,K,13,2,2022,3,P
3,1,3,2,2,2,0,0,0,0,I,13,0,2022,3,P
3,3,2,3,3,3,0,0,0,0,E,17,0,2022,3,P
1,2,3,3,0,0,0,0,0,0,E,9,0,2022,3,U
3,3,3,3,3,2,3,2,0,0,N,17,5,2022,3,P
2,3,1,2,0,2,1,0,0,0,N,10,1,2022,3,P
3,0,3,3,0,2,0,0,0,0,E,11,0,2022,3,U
0,0,3,1,0,0,0,0,0,0,E,4,0,2022,3,U
0,0,0,0,0,0,0,0,0,0,E,0,0,2022,3,U
2,2,2,3,2,2,0,0,0,0,E,13,0,2022,3,P
2,2,3,2,0,3,0,0,0,0,E,12,0,2022,3,P
1,2,3,3,2,3,3,3,0,0,I,14,6,2022,3,P
0,0,3,3,0,2,0,0,0,0,B,8,0,2022,3,U
1,1,1,3,3,1,1,0,0,0,W,10,1,2022,3,P
3,1,3,3,3,2,1,1,0,0,W,15,2,2022,3,P
3,2,3,2,3,2,0,1,0,0,K,15,1,2022,3,P
0,0,0,0,0,0,0,0,0,0,BI,0,0,2022,3,U
0,1,3,3,0,2,0,0,0,0,L,9,0,2022,3,U
3,3,3,2,2,3,2,1,0,0,W,16,3,2022,3,P
2,3,3,3,3,2,1,3,1,0,B,16,5,2022,3,P
1,2,3,0,0,2,0,0,0,0,I,8,0,2022,3,U
1,1,3,0,0,1,0,0,0,0,D,6,0,2022,3,U
0,0,0,0,0,0,0,0,0,0,K,0,0,2022,3,U
3,3,3,3,3,2,2,2,0,0,BI,17,4,2022,3,P
2,3,1,3,3,2,0,1,0,0,V,14,1,2022,3,P
1,0,1,0,3,0,0,0,0,0,V,5,0,2022,3,U
2,1,0,3,3,1,0,0,0,0,V,10,0,2022,3,P
3,2,3,3,3,2,0,3,1,0,W,16,4,2022,3,P
3,3,3,3,3,1,0,2,0,0,B,16,2,2022,3,P
1,3,3,3,3,1,0,3,0,1,PI,14,4,2022,3,P
2,2,3,0,3,1,0,0,0,0,L,11,0,2022,3,P
1,0,1,3,0,1,0,1,0,0,V,6,1,2022,3,U
0,2,0,0,0,2,0,0,0,0,M,4,0,2022,3,U
1,1,2,0,0,0,0,0,0,0,M,4,0,2022,3,U
3,2,3,3,1,2,1,1,0,0,W,14,2,2022,3,P
2,2,3,2,0,1,0,0,0,0,V,10,0,2022,3,P
3,2,3,3,0,0,0,0,0,0,B,11,0,2022,3,U
0,0,1,0,0,0,0,0,0,0,W,1,0,2022,3,U
0,0,0,0,0,0,0,0,0,0,TM,0,0,2022,3,U
0,1,1,1,0,1,0,0,0,0,K,4,0,2022,3,U
0,0,0,0,0,1,0,0,0,0,W,1,0,2022,3,U
0,0,0,0,0,0,0,0,0,0,BI,0,0,2022,3,U
2,0,3,0,0,1,0,0,0,0,D,6,0,2022,3,U
0,0,3,0,0,2,0,0,0,0,E,5,0,2022,3,U
1,0,0,0,0,0,0,0,0,0,N,1,0,2022,3,U
2,1,3,3,2,1,1,3,0,0,B,12,4,2022,3,P
2,3,1,3,3,2,0,1,0,0,K,14,1,2022,3,P
3,3,3,3,3,3,3,3,3,0,-,18,9,2022,3,P
3,2,3,1,3,2,1,3,0,0,K,14,4,2022,3,P
2,2,3,3,2,2,3,0,1,0,-,14,4,2022,3,P
3,3,2,3,3,3,3,2,0,0,-,17,5,2022,3,P
1,0,0,0,0,0,0,0,0,0,W,1,0,2022,3,U
0,0,2,0,3,0,0,0,0,0,E,5,0,2022,3,U
3,3,3,2,3,3,0,0,0,0,E,17,0,2022,3,P
1,1,3,3,3,0,0,0,0,0,E,11,0,2022,3,P
3,2,3,2,3,0,0,0,0,0,C,13,0,2022,3,P
1,2,0,0,0,2,0,0,0,0,L,5,0,2022,3,U
3,3,3,2,0,1,0,0,0,0,V,12,0,2022,3,P
0,0,1,0,0,0,0,0,0,0,L,1,0,2022,3,U
2,3,3,3,3,2,0,3,0,3,D,16,6,2022,5,P
0,0,0,0,0,0,0,0,0,0,E,0,0,2022,5,U
0,0,0,0,0,0,0,0,0,0,M,0,0,2022,5,U
1,0,0,0,0,0,0,0,0,0,D,1,0,2022,5,U
1,3,3,3,0,2,0,0,0,0,F,12,0,2022,5,P
3,2,0,2,1,2,0,0,0,0,MD,10,0,2022,5,P
3,3,1,3,1,0,0,0,0,0,V,11,0,2022,5,P
3,3,2,3,3,1,0,0,0,0,MD,15,0,2022,5,P
3,2,1,0,0,0,0,0,0,0,V,6,0,2022,5,U
0,0,0,0,0,0,0,0,0,0,BME,0,0,2022,5,U
1,3,3,0,3,2,0,0,0,0,BME,12,0,2022,5,P
3,3,1,2,0,1,0,0,0,0,F,10,0,2022,5,P
3,3,2,3,3,2,0,0,0,0,BME,16,0,2022,5,P
3,2,1,0,2,0,0,0,0,0,D,8,0,2022,5,U
2,3,2,1,2,0,0,0,0,0,D,10,0,2022,5,P
3,2,2,3,2,1,0,0,0,0,M,13,0,2022,5,P
2,2,2,1,3,2,0,0,0,0,D,12,0,2022,5,P
2,0,1,2,2,1,0,0,0,0,D,8,0,2022,5,U
3,2,1,0,0,2,0,0,0,0,BME,8,0,2022,5,U
2,2,3,0,2,0,0,0,0,0,Pi,9,0,2022,5,U
3,1,2,2,1,3,0,1,0,0,BME,12,1,2022,5,P
3,3,1,0,0,0,0,0,0,0,W,7,0,2022,5,U
2,0,2,1,1,3,0,0,0,0,BME,9,0,2022,5,P
2,3,3,2,1,1,0,0,0,0,Bi,12,0,2022,5,P
0,0,0,0,0,0,0,0,0,0,BME,0,0,2022,5,U
3,3,0,0,0,0,0,0,0,0,V,6,0,2022,5,U
3,2,0,0,0,0,0,0,0,0,V,5,0,2022,5,U
3,3,1,2,0,3,0,0,0,0,-,12,0,2022,5,P
3,0,0,2,0,1,0,0,0,0,D,6,0,2022,5,U
1,0,0,0,0,0,0,0,0,0,TM,1,0,2022,5,U
3,3,3,3,3,1,0,0,0,0,V,16,0,2022,5,P
1,0,0,0,0,0,0,0,0,0,C,1,0,2022,5,U
3,3,2,2,3,1,3,3,0,2,D,14,8,2022,5,P
2,3,1,3,0,2,0,0,0,0,D,11,0,2022,5,P
3,3,2,3,0,2,0,0,0,0,M,13,0,2022,5,P
3,3,1,3,1,3,3,1,0,0,D,14,4,2022,5,P
3,3,1,3,3,1,0,3,1,0,D,14,4,2022,5,P
3,3,3,3,0,1,0,1,0,0,D,13,1,2022,5,P
3,3,3,3,0,3,0,0,0,0,M,15,0,2022,5,P
3,3,1,3,0,2,0,0,0,0,L,12,0,2022,5,P
3,3,2,1,0,0,0,0,0,0,D,9,0,2022,5,U
3,3,2,3,0,0,0,0,0,0,D,11,0,2022,5,U
3,0,1,3,0,0,0,0,0,0,BME,7,0,2022,5,U
1,0,0,0,0,0,0,0,0,0,BI,1,0,2022,5,U
3,3,1,3,0,2,0,0,0,0,M,12,0,2022,5,P
2,3,0,3,1,1,0,0,0,0,V,10,0,2022,5,P
1,3,1,3,2,0,0,0,0,0,M,10,0,2022,5,P
3,3,1,3,1,0,0,0,0,0,C,11,0,2022,5,P
3,2,2,2,3,3,2,3,0,2,D,15,7,2022,5,P
3,2,1,0,1,2,0,0,0,0,D,9,0,2022,5,P
0,0,0,0,0,0,0,0,0,0,B,0,0,2022,5,U
3,2,3,3,2,2,2,2,0,0,D,15,4,2022,5,P
3,3,3,3,3,3,0,0,0,0,D,18,0,2022,5,P
3,1,2,2,0,2,0,0,0,0,D,10,0,2022,5,P
3,2,3,3,1,3,0,0,0,0,D,15,0,2022,5,P
3,0,1,2,0,2,0,0,0,0,D,8,0,2022,5,U
3,3,1,2,0,2,0,0,0,0,K,11,0,2022,5,P
2,1,2,3,2,2,0,0,0,0,D,12,0,2022,5,P
3,1,2,2,0,1,0,0,0,0,-,9,0,2022,5,P
3,3,1,2,3,3,0,1,0,1,D,15,2,2022,5,P
3,3,2,3,1,3,0,0,0,0,BME,15,0,2022,5,P
2,1,1,2,1,2,0,0,0,0,E,9,0,2022,5,P
1,0,0,0,0,0,0,0,0,0,-,1,0,2022,5,U
2,3,2,0,1,1,0,0,0,0,D,9,0,2022,5,P
2,2,2,2,0,3,0,0,0,0,D,11,0,2022,5,P
1,0,1,0,0,1,0,0,0,0,D,3,0,2022,5,U
3,3,3,2,3,3,0,2,1,0,D,17,3,2022,5,P
3,3,2,2,2,2,0,1,0,0,D,14,1,2022,5,P
3,0,2,0,0,0,0,0,0,0,C,5,0,2022,5,U
3,2,2,2,2,3,0,0,0,0,C,14,0,2022,5,P
2,0,1,0,0,0,0,0,0,0,BME,3,0,2022,5,U
3,2,2,3,2,2,0,0,0,0,D,14,0,2022,5,P
3,0,1,0,2,0,0,0,0,0,N,6,0,2022,5,U
3,3,2,3,3,2,0,2,0,0,D,16,2,2022,5,P
2,3,3,3,0,1,0,0,0,0,D,12,0,2022,5,P
1,3,3,3,3,2,0,0,0,0,D,15,0,2022,5,P
3,0,1,2,3,3,0,1,1,0,D,12,2,2022,5,P
2,0,2,3,1,3,0,2,0,0,D,11,2,2022,5,P
3,0,2,2,2,0,0,0,0,0,D,9,0,2022,5,U
3,2,2,1,1,2,0,0,0,0,D,11,0,2022,5,P
3,3,1,0,1,0,0,0,0,0,BME,8,0,2022,5,U
2,3,1,2,0,2,0,0,0,0,BME,10,0,2022,5,P
3,2,3,3,3,3,0,1,0,0,BME,17,1,2022,5,P
3,3,3,2,0,3,0,0,0,0,BME,14,0,2022,5,P
3,3,3,3,3,3,1,3,0,0,D,18,4,2022,5,P
0,0,0,0,0,0,0,0,0,0,D,0,0,2022,5,U
3,2,1,1,3,3,0,0,0,0,-,13,0,2022,5,P
1,2,1,0,0,0,0,0,0,0,BME,4,0,2022,5,U
2,1,3,0,0,0,0,0,0,0,V,6,0,2022,5,U
2,1,3,2,2,1,0,2,0,0,D,11,2,2022,5,P
2,0,3,2,0,1,0,0,0,0,BME,8,0,2022,5,U
1,3,1,2,0,0,0,0,0,0,D,7,0,2022,5,U
2,2,3,2,0,1,0,0,0,0,BME,10,0,2022,5,P
0,1,0,0,0,0,0,0,0,0,D,1,0,2022,5,U
3,3,2,2,3,2,0,0,0,0,D,15,0,2022,5,P
3,3,1,2,2,3,0,1,1,0,D,14,2,2022,5,P
0,0,0,0,0,0,0,0,0,0,D,0,0,2022,5,U
1,1,2,0,0,0,0,0,0,0,D,4,0,2022,5,U
3,3,3,3,2,3,0,1,0,0,D,17,1,2022,5,P
3,3,2,2,3,1,0,2,0,0,BME,14,2,2022,5,P
3,3,1,2,0,3,0,0,0,0,BME,12,0,2022,5,P
1,2,1,0,2,0,0,0,0,0,K,6,0,2022,5,U
3,2,1,0,2,3,0,0,0,0,D,11,0,2022,5,P
0,0,0,0,0,0,0,0,0,0,BME,0,0,2022,5,U
2,2,3,3,3,3,0,1,0,0,D,16,1,2022,5,P
3,0,1,1,1,1,0,0,0,0,D,7,0,2022,5,U
3,3,2,3,2,2,0,0,0,0,D,15,0,2022,5,P
0,0,0,0,0,0,0,0,0,0,D,0,0,2022,5,U
3,3,3,2,1,2,0,0,0,0,M,14,0,2022,5,P
2,0,0,1,0,0,0,0,0,0,C,3,0,2022,5,U
2,3,1,1,0,3,0,0,0,0,F,10,0,2022,5,P
2,0,2,0,0,0,0,0,0,0,BME,4,0,2022,5,U
2,3,2,2,0,0,0,0,0,0,L,9,0,2022,5,U
3,0,3,1,2,0,0,0,0,0,BI,9,0,2022,5,U
2,1,1,1,0,0,0,0,0,0,C,5,0,2022,5,U
1,0,1,1,0,0,0,0,0,0,V,3,0,2022,5,U
3,1,2,3,3,2,0,0,0,0,BME,14,0,2022,5,P
3,3,1,3,1,3,0,0,0,0,BME,14,0,2022,5,P
2,3,3,3,3,1,0,0,0,0,D,15,0,2022,5,P
3,3,2,3,1,3,3,1,0,0,D,15,4,2022,5,P
3,1,3,3,0,1,0,0,0,0,D,11,0,2022,5,P
3,1,1,3,2,1,0,0,0,0,-,11,0,2022,5,P
1,1,2,3,0,0,0,0,0,0,D,7,0,2022,5,U
1,0,0,1,0,0,0,0,0,0,D,2,0,2022,5,U
3,2,1,2,3,3,0,0,0,0,V,14,0,2022,5,P
3,1,1,3,1,2,0,0,0,0,BME,11,0,2022,5,P
3,1,1,3,2,1,0,0,0,0,D,11,0,2022,5,P
3,3,3,3,1,1,0,0,0,0,BME,14,0,2022,5,P
3,2,1,3,0,1,0,0,0,0,BME,10,0,2022,5,P
2,0,1,3,0,0,0,0,0,0,M,6,0,2022,5,U
3,3,2,2,1,1,0,0,0,0,D,12,0,2022,5,P
3,1,3,3,1,3,0,1,0,0,D,14,1,2022,5,P
2,3,3,2,1,0,0,0,0,0,D,11,0,2022,5,P
3,2,1,3,0,1,0,0,0,0,C,10,0,2022,5,P
3,2,2,0,2,1,0,0,0,0,BME,10,0,2022,5,P
3,0,3,3,2,2,0,0,0,0,BME,13,0,2022,5,P
3,3,3,3,2,1,0,0,0,0,BME,15,0,2022,5,P
3,2,2,1,1,0,0,0,0,0,BME,9,0,2022,5,P
2,0,0,2,2,0,0,0,0,0,E,6,0,2022,5,U
1,2,2,0,1,0,0,0,0,0,D,6,0,2022,5,U
0,0,0,0,0,0,0,0,0,0,D,0,0,2022,5,U
3,3,3,3,1,1,0,3,0,3,D,14,6,2022,5,P
3,0,1,3,1,1,0,0,0,0,BME,9,0,2022,5,P
3,3,3,3,3,1,0,2,0,0,BME,16,2,2022,5,P
3,2,0,2,0,0,0,0,0,0,W,7,0,2022,5,U
3,0,1,3,1,1,0,0,0,0,-,9,0,2022,5,P
1,3,3,3,1,2,0,0,0,0,D,13,0,2022,5,P
3,3,3,3,2,0,0,3,0,3,D,14,6,2022,5,P
1,0,0,1,0,0,0,0,0,0,D,2,0,2022,5,U
0,3,3,3,1,2,0,0,0,0,BME,12,0,2022,5,P
3,2,1,3,3,2,3,1,0,0,D,14,4,2022,5,P
3,1,3,1,0,1,0,0,0,0,D,9,0,2022,5,P
3,3,2,3,0,2,0,0,0,0,V,13,0,2022,5,P
2,3,3,0,0,0,0,0,0,0,M,8,0,2022,5,U
2,3,1,3,0,1,0,0,0,0,D,10,0,2022,5,P
3,0,0,2,0,2,0,0,0,0,BME,7,0,2022,5,U
3,3,3,3,2,1,0,0,0,0,M,15,0,2022,5,P
2,2,1,0,0,2,0,0,0,0,D,7,0,2022,5,U
3,3,3,3,3,3,0,1,0,0,BME,18,1,2022,5,P
2,3,0,0,0,0,0,0,0,0,D,5,0,2022,5,U
0,1,1,0,1,1,0,0,0,0,D,4,0,2022,5,U
3,3,3,3,0,1,0,0,0,0,L,13,0,2022,5,P
3,3,3,3,1,0,0,0,0,0,D,13,0,2022,5,P
3,3,3,3,2,3,0,0,0,0,D,17,0,2022,5,P
3,3,3,3,0,3,0,0,0,0,Bi,15,0,2022,5,P
3,3,3,3,3,2,0,2,0,0,D,17,2,2022,5,P
3,0,1,0,0,0,0,0,0,0,C,4,0,2022,5,U
3,3,0,1,0,0,0,0,0,0,C,7,0,2022,5,U
3,2,1,2,0,2,0,0,0,0,L,10,0,2022,5,P
2,3,2,3,3,2,0,0,0,0,BME,15,0,2022,5,P
3,3,0,3,1,1,0,0,0,0,C,11,0,2022,5,P
3,3,2,3,2,3,2,1,0,0,D,16,3,2022,5,P
3,3,3,3,1,3,0,3,0,1,D,16,4,2022,5,P
2,3,3,3,0,3,0,0,0,0,V,14,0,2022,5,P
3,3,0,3,0,0,0,0,0,0,C,9,0,2022,5,U
1,0,0,0,0,0,0,0,0,0,C,1,0,2021,10,U
3,3,0,3,3,2,0,0,0,0,F,14,0,2021,10,P
2,3,1,3,3,3,1,1,0,0,Pi,15,2,2021,10,P
2,0,0,3,3,1,0,0,0,0,Bi,9,0,2021,10,U
1,0,0,1,0,0,0,0,0,0,W,2,0,2021,10,U
1,1,0,3,2,2,0,0,0,0,N,9,0,2021,10,P
3,3,0,3,3,1,0,0,0,0,F,13,0,2021,10,P
3,3,1,3,0,3,0,0,0,0,W,13,0,2021,10,P
3,3,0,1,1,1,0,0,0,0,Bi,9,0,2021,10,P
1,2,0,1,1,1,0,0,0,0,Bi,6,0,2021,10,U
0,0,0,1,0,0,0,0,0,0,D,1,0,2021,10,U
2,3,0,1,1,3,0,0,0,0,BME,10,0,2021,10,P
3,2,0,1,3,2,0,0,0,0,BME,11,0,2021,10,P
3,3,0,1,2,1,0,0,0,0,C,10,0,2021,10,P
3,1,0,1,3,1,1,0,0,0,Pi,9,1,2021,10,P
3,3,2,3,3,3,3,0,1,3,F,17,7,2021,10,P
3,3,2,3,3,3,0,0,1,3,F,17,4,2021,10,P
3,3,1,3,3,3,0,0,0,0,Pi,16,0,2021,10,P
3,3,1,3,3,3,3,1,0,0,F,16,4,2021,10,P
1,3,3,3,3,3,2,0,0,2,F,16,4,2021,10,P
3,3,1,3,2,2,0,0,0,0,Pi,14,0,2021,10,P
3,3,0,3,3,1,0,1,0,0,F,13,1,2021,10,P
2,3,1,3,3,1,0,0,0,0,Pi,13,0,2021,10,P
3,3,0,2,2,1,1,0,0,0,Pi,11,1,2021,10,P
0,3,0,1,1,3,0,0,0,0,D,8,0,2021,10,U
3,3,2,3,0,1,0,0,0,0,F,12,0,2021,10,P
2,0,0,0,0,1,0,0,0,0,E,3,0,2021,10,U
3,3,2,3,3,3,0,3,2,3,F,17,8,2021,10,P
1,3,0,2,2,1,0,0,0,0,Bi,9,0,2021,10,P
3,3,2,3,3,3,1,3,1,2,F,17,7,2021,10,P
3,3,0,3,3,3,1,0,0,0,F,15,1,2021,10,P
1,0,0,1,0,0,0,0,0,0,D,2,0,2021,10,U
3,3,1,3,3,3,1,0,0,0,F,16,1,2021,10,P
3,1,0,3,3,1,0,0,0,0,Pi,11,0,2021,10,P
3,3,1,3,3,3,0,3,0,1,F,16,4,2021,10,P
3,3,0,3,1,2,0,0,0,0,Pi,12,0,2021,10,P
0,0,0,0,0,1,0,0,0,0,BME,1,0,2021,10,U
3,3,0,3,3,3,1,0,0,0,F,15,1,2021,10,P
3,3,3,3,3,3,3,0,1,0,F,18,4,2021,10,P
1,3,1,3,3,3,0,0,1,0,Pi,14,1,2021,10,P
3,3,3,3,3,1,0,0,0,0,I,16,0,2021,10,P
1,2,0,1,1,0,0,0,0,0,BME,5,0,2021,10,U
1,3,0,1,1,3,0,0,0,0,Bi,9,0,2021,10,P
0,3,0,3,1,0,0,0,0,0,M,7,0,2021,10,U
1,3,0,2,3,2,0,0,0,0,L,11,0,2021,10,P
2,3,1,3,3,1,2,1,3,2,F,13,8,2021,10,P
3,3,1,0,3,3,3,1,0,0,F,13,4,2021,10,P
3,3,3,3,3,3,1,1,3,0,F,18,5,2021,10,P
3,3,3,3,3,3,3,3,3,1,Pi,18,10,2021,10,P
3,3,0,3,3,3,0,0,0,0,Pi,15,0,2021,10,P
2,0,1,3,3,1,0,0,0,0,Pi,10,0,2021,10,P
3,3,2,3,3,1,0,0,0,0,F,15,0,2021,10,P
3,3,0,1,2,2,2,3,1,0,Pi,11,6,2021,10,P
3,3,1,3,3,3,1,3,1,0,F,16,5,2021,10,P
3,3,2,3,3,3,1,0,0,0,Pi,17,1,2021,10,P
3,3,0,1,0,1,0,0,0,0,I,8,0,2021,10,U
0,0,0,0,1,1,0,0,0,0,Pi,2,0,2021,10,U
2,3,0,3,1,3,0,0,0,0,Pi,12,0,2021,10,P
3,2,2,3,3,3,3,1,2,0,Pi,16,6,2021,10,P
3,3,1,3,3,3,1,0,1,0,F,16,2,2021,10,P
3,3,3,3,3,3,1,3,3,3,F,18,10,2021,10,P
3,3,1,3,3,3,0,3,1,0,F,16,4,2021,10,P
3,3,1,3,3,3,0,2,0,0,F,16,2,2021,10,P
2,3,3,3,3,1,2,2,3,0,F,15,7,2021,10,P
3,3,3,3,3,3,0,2,2,0,F,18,4,2021,10,P
1,3,0,3,2,1,0,0,0,0,F,10,0,2021,10,P
3,3,1,3,3,3,0,0,1,0,F,16,1,2021,10,P
3,3,2,2,3,3,1,2,2,1,Pi,16,6,2021,10,P
3,3,1,3,3,2,3,0,0,0,F,15,3,2021,10,P
0,3,0,1,0,3,0,0,0,0,F,7,0,2021,10,U
3,3,0,3,3,3,0,1,0,0,F,15,1,2021,10,P
0,0,0,1,0,2,0,0,0,0,V,3,0,2021,10,U
1,3,1,3,3,3,0,0,3,1,F,14,4,2021,10,P
3,3,0,3,3,3,1,0,0,0,F,15,1,2021,10,P
2,3,0,0,0,0,0,0,0,0,L,5,0,2021,10,U
3,3,1,3,1,2,0,0,0,0,Pi,13,0,2021,10,P
3,3,3,3,3,3,3,1,3,3,Pi,18,10,2021,10,P
3,3,0,2,0,2,0,0,0,0,F,10,0,2021,10,U
3,3,1,3,3,3,1,0,0,3,F,16,4,2021,10,P
3,3,3,3,3,3,0,0,0,0,F,18,0,2021,10,P
3,3,3,3,3,3,3,1,3,0,F,18,7,2021,10,P
3,3,0,3,3,3,1,0,0,0,F,15,1,2021,10,P
3,3,1,3,3,3,0,0,0,0,Pi,16,0,2021,10,P
3,3,1,3,3,1,0,0,0,0,F,14,0,2021,10,P
3,3,1,3,3,3,0,0,0,0,F,16,0,2021,10,P
2,3,0,2,3,3,0,0,0,0,Pi,13,0,2021,10,P
0,0,0,0,0,0,0,0,0,0,V,0,0,2021,10,U
1,3,0,3,1,0,0,0,0,0,F,8,0,2021,10,U
3,3,1,3,3,3,3,3,3,0,F,16,9,2021,10,P
3,3,3,3,3,3,3,3,3,3,F,18,12,2021,10,P
3,3,0,3,3,2,2,0,3,0,F,14,5,2021,10,P
0,3,0,0,0,0,0,0,0,0,D,3,0,2021,10,U
0,2,0,1,0,0,0,0,0,0,V,3,0,2021,10,U
3,1,0,3,1,1,0,0,0,0,Pi,9,0,2021,10,P
3,3,1,3,3,3,3,0,1,0,F,16,4,2021,10,P
3,3,0,3,3,1,0,0,0,0,F,13,0,2021,10,P
0,0,0,0,0,1,0,0,0,0,BME,1,0,2021,10,U
2,2,1,3,2,1,0,0,0,0,D,11,0,2021,10,P
1,1,1,2,3,1,0,0,0,0,F,9,0,2021,10,P
3,3,3,2,3,2,3,2,1,0,Pi,16,6,2021,10,P
2,3,1,3,0,1,0,0,0,0,D,10,0,2021,10,P
3,3,0,3,3,1,0,0,1,0,F,13,1,2021,10,P
0,0,0,1,0,0,0,0,0,0,M,1,0,2021,10,U
2,3,0,3,3,3,3,0,0,0,F,14,3,2021,10,P
2,3,1,3,3,3,2,0,2,3,F,15,7,2021,10,P
3,3,0,3,3,2,1,0,2,0,F,14,3,2021,10,P
3,3,1,3,2,1,1,1,0,0,F,13,2,2021,10,P
3,3,0,3,3,1,2,0,3,0,F,13,5,2021,10,P
0,0,0,3,0,0,0,0,0,0,BME,3,0,2021,10,U
3,3,0,3,3,1,1,3,1,0,Pi,13,5,2021,10,P
2,3,0,3,3,1,0,0,0,0,BME,12,0,2021,10,P
3,3,0,3,3,3,1,0,0,0,Pi,15,1,2021,10,P
3,3,1,3,3,2,3,2,2,0,F,15,7,2021,10,P
2,3,3,3,3,1,3,0,1,0,F,15,4,2021,10,P
0,3,0,1,2,0,1,0,0,0,Pi,6,1,2021,10,U
3,3,1,3,3,3,3,3,1,0,F,16,7,2021,10,P
3,3,0,3,3,2,0,0,2,0,F,14,2,2021,10,P
3,3,0,3,3,3,0,0,2,0,F,15,2,2021,10,P
1,3,0,3,3,1,1,2,3,0,Pi,11,6,2021,10,P
3,3,2,3,3,3,0,1,1,0,Pi,17,2,2021,10,P
3,3,2,3,3,2,0,0,3,0,F,16,3,2021,10,P
2,3,1,3,3,3,1,0,1,0,Pi,15,2,2021,10,P
3,3,0,0,0,0,0,0,0,0,D,6,0,2021,10,U
3,3,3,3,3,3,2,1,2,0,F,18,5,2021,10,P
3,3,0,1,2,2,0,0,0,0,D,11,0,2021,10,P
3,3,0,1,0,1,0,0,0,0,F,8,0,2021,10,U
3,3,1,3,3,3,3,3,0,0,F,16,6,2021,10,P
3,3,0,3,0,1,0,0,0,0,F,10,0,2021,10,U
0,3,1,3,1,2,2,0,1,0,Pi,10,3,2021,10,P
3,3,3,3,3,3,3,2,3,3,F,18,11,2021,10,P
3,3,1,3,3,2,3,2,2,3,F,15,10,2021,10,P
3,3,3,3,3,3,3,1,3,0,F,18,7,2021,10,P
2,3,0,1,0,0,0,0,0,0,I,6,0,2021,10,U
0,0,0,0,0,0,0,0,0,0,M,0,0,2021,10,U
2,0,0,1,0,1,0,0,0,0,Pi,4,0,2021,10,U
3,3,0,3,3,1,3,0,0,0,F,13,3,2021,10,P
0,3,1,3,3,3,2,0,0,0,Pi,13,2,2021,10,P
0,0,0,1,0,1,0,0,0,0,M,2,0,2021,10,U
3,3,3,3,3,3,1,3,1,0,F,18,5,2021,10,P
3,1,0,3,1,0,0,0,0,0,F,8,0,2021,10,U
3,3,0,0,3,3,2,3,0,1,F,12,6,2021,10,U
3,3,0,3,1,1,0,1,1,0,Pi,11,2,2021,10,P
3,3,0,1,1,0,0,0,0,0,Pi,8,0,2021,10,U
3,1,0,3,1,0,0,0,0,0,Pi,8,0,2021,10,U
3,3,3,3,3,2,1,0,3,0,F,17,4,2021,10,P
0,0,0,0,0,0,0,0,0,0,C,0,0,2021,10,U
0,0,0,1,0,0,0,0,0,0,C,1,0,2021,10,U
0,3,1,3,3,1,0,0,0,0,F,11,0,2021,10,P
3,3,3,3,3,3,1,1,0,0,F,18,2,2021,10,P
3,3,3,3,3,3,1,0,1,0,F,18,2,2021,10,P
3,3,0,3,3,3,1,3,0,0,F,15,4,2021,10,P
3,3,0,3,2,3,1,0,1,0,F,14,2,2021,10,P
3,3,3,3,3,3,2,0,2,0,F,18,4,2021,10,P
3,3,0,3,3,2,1,2,1,0,Pi,14,4,2021,10,P
1,3,0,2,0,2,0,0,0,0,L,8,0,2021,10,U
3,3,0,2,2,2,0,0,0,0,Pi,12,0,2021,10,P
3,3,0,3,3,3,3,0,3,3,F,15,9,2021,10,P
3,3,0,3,0,3,0,0,0,0,F,12,0,2021,10,U
3,3,0,3,3,3,0,1,1,0,Pi,15,2,2021,10,P
2,3,0,1,3,0,0,0,0,0,Pi,9,0,2021,10,U
0,3,0,2,3,3,0,0,0,0,F,11,0,2021,10,U
1,0,0,2,0,1,0,0,0,0,V,4,0,2021,10,U
1,0,1,2,3,3,2,2,2,3,F,10,9,2021,10,P
0,0,0,0,1,0,0,0,0,0,V,1,0,2021,10,U
3,3,2,1,3,1,0,0,0,0,E,13,0,2022,4,P
1,2,0,1,0,0,0,0,0,0,Bi,4,0,2022,4,U
3,3,3,3,2,2,1,0,2,1,I,16,4,2022,4,P
3,3,0,0,2,1,0,0,0,0,V,9,0,2022,4,U
3,3,2,2,1,2,0,0,0,0,E,13,0,2022,4,P
1,2,2,3,3,3,0,0,0,0,E,14,0,2022,4,P
3,2,3,3,3,0,0,0,0,0,E,14,0,2022,4,P
0,3,3,3,2,0,0,0,0,0,M,11,0,2022,4,U
2,3,3,3,3,1,1,1,3,0,I,15,5,2022,4,P
3,0,1,2,1,0,0,0,0,0,L,7,0,2022,4,U
1,3,1,1,1,0,0,0,0,0,V,7,0,2022,4,U
0,0,0,0,0,0,0,0,0,0,MD,0,0,2022,4,U
2,0,1,3,1,2,0,0,0,0,E,9,0,2022,4,P
1,0,3,3,0,0,0,0,0,0,N,7,0,2022,4,U
1,3,0,2,0,0,0,0,0,0,V,6,0,2022,4,U
3,3,2,3,3,3,0,0,0,0,I,17,0,2022,4,P
2,1,3,1,3,2,0,0,0,0,L,12,0,2022,4,P
3,0,1,1,2,0,0,0,0,0,Bi,7,0,2022,4,U
1,0,0,1,2,3,0,0,0,0,E,7,0,2022,4,U
3,0,0,2,0,0,0,0,0,0,Bi,5,0,2022,4,U
0,0,2,3,0,0,0,0,0,0,E,5,0,2022,4,U
3,1,3,3,2,0,0,0,0,0,M,12,0,2022,4,P
2,0,2,0,0,0,0,0,0,0,M,4,0,2022,4,U
3,1,0,0,0,0,0,0,0,0,K,4,0,2022,4,U
1,1,3,2,2,0,0,0,0,0,L,9,0,2022,4,P
1,3,2,1,3,3,0,2,2,0,I,13,4,2022,4,P
3,3,3,1,3,0,3,0,0,0,F,13,3,2022,4,P
3,3,3,3,2,3,1,0,0,0,I,17,1,2022,4,P
2,3,3,2,3,1,0,0,1,1,I,14,2,2022,4,P
1,3,1,2,2,3,1,1,1,0,I,12,3,2022,4,P
3,3,2,2,3,0,0,0,0,0,M,13,0,2022,4,P
1,0,2,2,2,0,0,0,0,0,E,7,0,2022,4,U
2,0,0,1,1,1,0,0,0,0,M1,5,0,2022,4,U
2,1,1,2,2,3,0,0,0,0,E,11,0,2022,4,P
3,3,3,3,3,3,1,0,3,0,K,18,4,2022,4,P
2,1,3,3,3,0,0,0,0,0,I,12,0,2022,4,P
3,3,1,3,3,0,0,0,0,0,V,13,0,2022,4,P
2,3,3,2,2,1,0,0,0,0,MD,13,0,2022,4,P
2,0,1,1,2,0,0,0,0,0,V,6,0,2022,4,U
2,3,3,2,3,1,0,0,0,0,D,14,0,2022,4,P
2,0,3,3,1,0,0,0,0,0,F,9,0,2022,4,U
3,1,2,2,1,3,0,0,0,0,Bi,12,0,2022,4,P
1,0,3,3,3,3,0,0,1,0,W,13,1,2022,4,P
2,1,0,0,0,0,0,0,0,0,E,3,0,2022,4,U
2,0,2,2,3,1,0,0,0,0,V,10,0,2022,4,P
1,3,3,3,2,0,0,0,0,0,V,12,0,2022,4,P
3,3,3,3,3,1,1,1,0,3,I,16,5,2022,4,P
3,1,2,1,3,2,0,0,0,0,E,12,0,2022,4,P
2,1,0,2,1,1,0,0,0,0,V,7,0,2022,4,U
2,0,3,1,0,2,0,0,0,0,V,8,0,2022,4,U
2,3,3,1,1,0,0,0,0,0,K,10,0,2022,4,P
3,1,3,3,3,3,0,0,3,1,E,16,4,2022,4,P
1,1,3,3,2,0,0,0,0,0,C,10,0,2022,4,P
3,2,2,1,3,1,0,0,0,0,B,12,0,2022,4,P
1,2,1,3,0,2,0,0,0,0,M,9,0,2022,3,P
2,1,3,1,3,2,0,0,0,0,L,12,0,2022,3,P
2,2,3,1,0,2,0,0,0,0,N,10,0,2022,3,P
0,1,0,0,0,0,0,0,0,0,W,1,0,2022,3,U
1,2,3,2,0,2,0,0,0,0,E,10,0,2022,3,P
2,1,0,0,1,0,0,0,0,0,L,4,0,2022,3,U
0,0,0,0,0,0,0,0,0,0,M,0,0,2022,3,U
0,2,0,0,1,2,1,0,0,0,L,5,1,2022,3,U
1,1,1,0,0,0,0,0,0,0,L,3,0,2022,3,U
2,1,3,0,0,0,0,0,0,0,I,6,0,2022,3,U
0,0,3,0,3,0,0,0,0,0,W,6,0,2022,3,U
2,2,2,2,0,2,1,2,0,0,K,10,3,2022,3,P
1,2,2,0,0,0,0,0,0,0,E,5,0,2022,3,U
1,2,1,0,3,0,0,0,0,0,M,7,0,2022,3,U
1,3,1,0,0,1,0,0,0,0,E,6,0,2022,3,U
3,2,0,0,0,2,0,0,0,0,V,7,0,2022,3,U
3,1,0,2,1,0,0,0,0,0,Bi,7,0,2022,4,U
3,1,3,3,2,3,0,0,0,0,D,15,0,2022,4,P
3,3,3,3,2,3,0,0,0,0,MD1,17,0,2022,4,P
2,0,2,2,1,0,0,0,0,0,V,7,0,2022,4,U
3,3,0,3,2,1,0,0,0,0,L,12,0,2022,4,P
3,0,3,1,2,1,0,0,0,0,L,10,0,2022,4,P
2,3,2,3,3,1,0,0,0,0,Pi,14,0,2022,4,P
1,1,1,1,2,0,0,0,0,0,E,6,0,2022,4,U
0,1,0,0,0,0,0,0,0,0,I,1,0,2022,4,U
3,3,3,3,2,1,0,0,0,0,D,15,0,2022,4,P
0,0,0,0,2,0,0,0,0,0,C,2,0,2022,4,U
3,1,3,3,3,3,0,0,0,0,W,16,0,2022,4,P
3,2,2,3,3,3,1,3,3,0,I,16,7,2022,4,P
3,0,3,1,3,1,0,0,0,0,B,11,0,2022,4,P
3,1,0,2,3,3,0,0,0,0,D,12,0,2022,4,P
3,2,2,1,3,0,0,0,0,0,L,11,0,2022,4,P
1,2,3,2,3,3,3,2,2,0,Pi,14,7,2022,4,P
2,1,2,0,3,1,0,0,0,0,Bi,9,0,2022,4,P
3,3,0,3,2,3,0,0,0,0,Bi,14,0,2022,4,P
0,0,0,1,2,0,0,0,0,0,I,3,0,2022,4,U
1,0,1,0,0,0,0,0,0,0,V,2,0,2022,4,U
3,0,0,0,0,0,0,0,0,0,V,3,0,2022,4,U
3,3,0,1,1,0,0,0,0,0,W,8,0,2022,4,U
0,0,0,1,0,0,0,0,0,0,N,1,0,2022,4,U
3,1,2,3,2,1,0,0,0,0,N,12,0,2022,4,P
1,2,0,1,0,0,0,0,0,0,C,4,0,2022,4,U
3,0,3,2,2,1,0,0,0,0,D,11,0,2022,4,P
3,3,3,3,3,2,1,1,3,0,I,17,5,2022,4,P
3,2,0,1,0,0,0,0,0,0,-,6,0,2022,4,U
3,0,0,2,0,0,0,0,0,0,N,5,0,2022,4,U
1,0,0,0,3,0,0,0,0,0,V,4,0,2022,4,U
3,0,2,3,2,3,0,0,0,0,N,13,0,2022,4,P
1,3,3,3,2,3,0,0,0,0,D,15,0,2022,4,P
3,1,3,2,2,0,0,0,0,0,L,11,0,2022,4,P
3,3,3,2,3,3,1,0,1,0,I,17,2,2022,4,P
0,1,2,0,2,0,0,0,0,0,M,5,0,2022,4,U
3,0,0,0,0,0,0,0,0,0,V,3,0,2022,4,U
3,0,0,3,0,3,0,0,0,0,MD,9,0,2022,4,U
0,1,3,3,3,0,0,0,0,0,V,10,0,2022,4,U
0,0,0,0,0,0,0,0,0,0,B,0,0,2022,4,U
2,1,3,3,3,1,0,0,0,0,F,13,0,2022,4,P
2,0,0,1,0,0,0,0,0,0,BME,3,0,2022,4,U
3,3,1,0,3,3,3,1,2,0,I,13,6,2022,4,P
2,1,3,2,3,1,0,0,1,0,D,12,1,2022,4,P
3,3,3,1,0,0,0,0,0,0,V,10,0,2022,4,U
3,1,3,0,3,1,0,0,0,0,W,11,0,2022,4,P
1,3,2,0,2,3,0,0,0,0,W,11,0,2022,4,P
2,1,2,2,2,0,0,0,0,0,V,9,0,2022,4,P
2,3,2,3,2,1,0,1,2,0,I,13,3,2022,4,P
3,1,2,1,2,3,0,0,0,0,BME,12,0,2022,4,P
2,1,3,1,2,3,0,0,0,0,C,12,0,2022,4,P
0,0,1,3,2,0,0,0,0,0,L,6,0,2022,4,U
3,0,0,2,0,0,0,0,0,0,BME,5,0,2022,4,U
2,3,3,3,3,1,0,2,2,0,M,15,4,2022,4,P
2,2,3,3,2,0,0,0,0,0,V,12,0,2022,4,P
1,0,0,0,3,0,0,0,0,0,MD,4,0,2022,4,U
3,1,2,3,3,3,0,0,0,3,M,15,3,2022,4,P
3,3,0,3,2,1,0,0,0,0,M,12,0,2022,4,P
2,3,3,3,2,0,0,0,0,0,L,13,0,2022,4,P
2,3,3,2,1,1,0,0,0,0,M,12,0,2022,4,P
2,0,2,1,0,0,0,0,0,0,B,5,0,2022,4,U
0,1,0,2,1,0,0,0,0,0,L,4,0,2022,4,U
1,0,3,3,1,0,0,0,0,0,D,8,0,2022,4,U
3,1,3,3,2,2,0,0,0,0,B,14,0,2022,4,P
3,0,0,3,2,0,0,0,0,0,E,8,0,2022,4,U
2,0,3,2,3,1,0,0,3,0,W,11,3,2022,4,P
3,1,2,3,1,1,0,0,2,0,K,11,2,2022,4,P
3,1,3,3,2,1,0,0,0,0,I,13,0,2022,4,P
1,2,3,2,1,2,1,0,3,0,E,11,4,2022,4,P
3,0,2,1,0,1,0,0,0,0,M,7,0,2022,4,U
3,3,0,0,2,3,0,0,0,0,F,11,0,2022,4,U
2,1,1,2,0,0,0,0,0,0,B,6,0,2022,4,U
1,3,1,0,3,3,1,1,2,0,I,11,4,2022,4,P
2,2,1,1,0,0,0,0,0,0,MD1,6,0,2022,4,U
0,0,1,1,2,0,0,0,0,0,D,4,0,2022,4,U
1,0,1,3,1,3,0,0,0,0,N,9,0,2022,4,P
0,0,0,1,0,1,0,0,0,0,B,2,0,2022,4,U
1,0,0,0,0,0,0,0,0,0,M,1,0,2022,4,U
3,3,0,1,1,0,0,0,0,0,Bi,8,0,2022,4,U
1,0,2,1,1,0,0,0,0,0,D,5,0,2022,4,U
2,1,3,1,2,3,0,0,0,0,I,12,0,2022,4,P
2,3,3,3,2,3,0,0,0,0,M,16,0,2022,4,P
1,3,0,3,0,0,0,0,0,0,Bi,7,0,2022,4,U
2,3,3,3,3,3,0,0,0,0,I,17,0,2022,4,P
2,1,3,0,1,3,0,0,0,0,L,10,0,2022,4,P
3,3,3,3,3,1,2,1,1,0,D,16,4,2022,4,P
3,3,3,1,3,0,0,0,0,0,L,13,0,2022,4,P
3,1,3,3,3,3,0,0,2,0,N,16,2,2022,4,P
2,0,2,3,1,1,0,0,0,0,E,9,0,2022,4,P
2,2,2,3,1,1,0,0,0,0,E,11,0,2022,4,P
3,3,3,3,3,3,0,0,2,0,D,18,2,2022,4,P
2,2,2,2,1,0,0,0,0,0,M,9,0,2022,4,P
1,3,3,2,0,3,0,0,0,0,W,12,0,2022,4,P
3,0,0,3,0,1,0,0,0,0,W,7,0,2022,4,U
2,3,0,3,3,3,0,0,0,0,E,14,0,2022,4,P
2,3,3,3,2,1,0,1,3,0,V,14,4,2022,4,P
1,3,0,3,3,3,0,0,0,0,V,13,0,2022,4,P
3,3,3,3,3,1,0,0,0,0,E,16,0,2022,4,P
1,3,2,2,3,3,0,2,1,0,I,14,3,2022,4,P
2,0,3,3,0,0,0,0,0,0,L,8,0,2022,4,U
2,0,2,3,2,0,0,0,0,0,MD,9,0,2022,4,U
1,3,3,1,1,0,0,0,0,0,C,9,0,2022,4,P
3,1,3,3,0,1,0,0,0,0,M,11,0,2022,4,P
2,0,0,1,0,0,0,0,0,0,K,3,0,2022,4,U
2,2,3,3,1,0,0,0,0,0,K,11,0,2022,4,P
0,0,0,0,0,0,0,0,0,0,C,0,0,2022,4,U
2,0,0,3,2,0,0,0,0,0,Bi,7,0,2022,4,U
3,1,3,1,2,1,0,0,0,0,M,11,0,2022,4,P
1,1,2,3,3,1,0,0,0,0,L,11,0,2022,4,P
3,2,3,1,2,0,0,0,0,0,W,11,0,2022,4,P
3,3,3,3,2,3,0,1,1,0,B,17,2,2022,4,P
2,3,3,2,1,0,0,0,0,0,L,11,0,2022,4,P
2,1,1,1,0,1,0,0,0,0,C,6,0,2022,4,U
3,0,3,1,2,1,0,0,0,0,V,10,0,2022,4,P
3,3,3,3,2,1,0,0,0,0,F,15,0,2022,4,P
0,0,0,0,0,0,0,0,0,0,M,0,0,2022,4,U
3,1,3,2,2,3,0,0,1,0,E,14,1,2022,4,P
1,0,2,3,1,0,0,0,0,0,Bi,7,0,2022,4,U
1,1,0,0,0,0,0,0,0,0,Bi,2,0,2022,4,U
3,1,3,3,2,0,1,0,2,0,C,12,3,2022,4,P
1,1,2,1,2,3,0,0,0,0,E,10,0,2022,4,P
0,1,3,2,2,3,0,0,1,0,E,11,1,2022,4,P
3,1,3,3,3,1,0,0,0,0,L,14,0,2022,4,P
2,1,2,2,2,0,0,0,0,0,V,9,0,2022,4,P
3,1,2,3,3,3,0,0,3,0,I,15,3,2022,4,P
2,0,2,1,2,2,0,0,0,0,L,9,0,2022,4,P
3,3,1,1,2,1,0,0,0,0,E,11,0,2022,4,P
0,0,2,2,0,0,0,0,0,0,M,4,0,2022,4,U
3,1,2,3,0,3,0,0,0,0,I,12,0,2022,4,P
3,2,3,3,3,0,0,0,0,0,E,14,0,2022,4,P
2,3,3,3,3,3,0,0,0,0,F,17,0,2022,4,P
0,1,3,3,2,0,0,0,0,0,V,9,0,2022,4,U
2,1,0,2,0,1,0,0,0,0,C,6,0,2022,4,U
0,0,1,0,0,0,0,0,0,0,K,1,0,2022,4,U
1,0,0,3,0,0,0,0,0,0,M,4,0,2022,4,U
1,3,0,1,2,3,0,0,0,0,B,10,0,2022,4,P
3,1,2,3,2,1,0,0,0,0,L,12,0,2022,4,P
0,1,2,1,1,1,0,0,0,0,M,6,0,2022,4,U
0,1,3,1,0,0,0,0,0,0,V,5,0,2022,4,U
3,0,0,3,1,0,0,0,0,0,L,7,0,2022,4,U
3,0,0,3,0,1,0,0,0,0,D,7,0,2022,4,U
3,1,3,2,0,0,0,0,0,0,V,9,0,2022,4,U
3,0,2,2,0,0,0,0,0,0,Bi,7,0,2022,4,U
3,1,2,1,0,1,0,0,0,0,M,8,0,2022,4,U
3,3,3,3,1,0,0,0,0,0,D,13,0,2022,4,P
0,0,0,1,2,0,0,0,0,0,W,3,0,2022,4,U
3,3,3,2,3,3,0,0,0,0,W,17,0,2022,4,P
1,0,1,2,3,0,0,0,0,0,M,7,0,2022,4,U
0,0,0,0,0,0,0,0,0,0,Bi,0,0,2022,4,U
0,0,0,0,0,0,0,0,0,0,I,0,0,2022,4,U
3,1,3,3,3,1,1,0,3,1,L,14,5,2022,4,P
3,1,3,3,3,0,0,0,0,0,C,13,0,2022,4,P
2,1,3,2,0,3,0,0,0,0,D,11,0,2022,4,P
1,2,0,1,0,0,0,0,0,0,K,4,0,2022,4,U
1,0,2,1,0,0,0,0,0,0,M,4,0,2022,4,U
1,2,0,0,0,0,0,0,0,0,V,3,0,2022,4,U
3,3,3,3,3,2,0,0,3,0,K,17,3,2022,4,P
1,1,2,2,3,0,0,0,0,0,M,9,0,2022,4,P
2,1,3,1,0,0,0,0,0,0,V,7,0,2022,4,U
3,2,3,3,3,2,1,0,3,1,I,16,5,2022,4,P
2,2,2,3,3,0,0,0,0,0,E,12,0,2022,4,P
0,2,2,3,1,0,0,0,0,0,Bi,8,0,2022,4,U
1,2,2,2,0,3,0,0,0,0,C,10,0,2022,4,P
2,1,3,2,1,0,0,0,0,0,V,9,0,2022,4,P
3,0,3,1,3,3,0,0,0,0,M,13,0,2022,4,P
2,1,3,1,1,1,0,0,0,0,V,9,0,2022,4,P
1,1,3,2,2,3,0,0,0,0,V,12,0,2022,4,P
3,1,3,2,3,3,0,0,0,0,W,15,0,2022,4,P
3,2,3,1,1,0,0,0,0,0,C,10,0,2022,4,P
3,1,3,2,1,0,0,0,0,0,L,10,0,2022,4,P
2,1,2,1,0,3,0,0,0,0,V,9,0,2022,4,P
2,0,0,1,1,2,0,0,0,0,V,6,0,2022,4,U
2,1,0,0,0,1,0,0,0,0,V,4,0,2022,4,U
1,1,3,2,2,0,0,0,0,0,V,9,0,2022,4,P
0,0,2,1,0,1,0,0,0,0,V,4,0,2022,4,U
3,3,3,3,3,3,0,0,0,0,Bi,18,0,2022,4,P
2,1,2,3,0,3,0,0,0,0,W,11,0,2022,4,P
2,0,0,2,3,3,0,0,0,0,L,10,0,2022,4,U
2,1,3,2,2,1,0,0,0,0,V,11,0,2022,4,P
2,3,3,2,1,2,0,0,3,0,B,13,3,2022,4,P
1,3,3,2,1,0,0,0,0,0,M,10,0,2022,4,P
2,0,1,2,1,0,0,0,0,0,W,6,0,2022,4,U
3,3,3,3,0,1,0,0,0,0,Bi,13,0,2022,4,P
2,3,3,1,3,1,0,0,0,0,N,13,0,2022,4,P
3,1,3,1,0,0,0,0,0,0,C,8,0,2022,4,U
3,0,2,1,1,0,0,0,0,0,Bi,7,0,2022,4,U
3,2,3,3,2,1,0,0,0,0,K,14,0,2022,4,P
0,0,3,3,1,0,0,0,0,0,I,7,0,2023,1,U
0,2,2,3,0,0,0,0,0,0,I,7,0,2023,1,U
3,3,2,3,1,3,0,0,0,0,I,15,0,2023,1,P
0,1,2,0,0,0,0,0,0,0,M,3,0,2023,1,U
1,1,2,3,1,2,0,0,0,0,V,10,0,2023,1,P
2,3,3,3,2,1,0,0,0,0,I,14,0,2023,1,P
0,1,1,3,1,0,0,0,0,0,BME,6,0,2023,1,U
2,3,1,3,1,1,0,0,0,0,L,11,0,2023,1,P
3,1,1,3,1,0,0,0,0,0,L,9,0,2023,1,P
3,1,1,3,2,1,0,0,0,0,K,11,0,2023,1,P
2,3,3,3,2,3,0,0,0,0,I,16,0,2023,1,P
2,2,1,3,0,1,0,0,0,0,E,9,0,2023,1,P
0,1,2,2,0,2,0,0,0,0,I,7,0,2023,1,U
1,0,0,3,1,0,0,0,0,0,I,5,0,2023,1,U
3,2,2,3,1,2,0,0,0,0,I,13,0,2023,1,P
2,1,1,3,1,1,0,0,0,0,V,9,0,2023,1,P
2,0,2,0,0,0,0,0,0,0,M,4,0,2023,1,U
2,1,2,3,1,3,0,0,0,0,M,12,0,2023,1,P
0,0,0,3,1,1,0,0,0,0,C,5,0,2023,1,U
2,1,1,2,1,2,0,0,0,0,C,9,0,2023,1,P
0,1,0,3,0,2,0,0,0,0,W,6,0,2023,1,U
3,3,3,3,2,3,1,0,0,0,C,17,1,2023,1,P
3,3,2,3,3,3,0,0,0,0,BME,17,0,2023,1,P
3,3,3,3,2,1,0,0,0,0,M,15,0,2023,1,P
3,3,2,3,1,1,0,0,0,0,M,13,0,2023,1,P
3,3,2,3,2,3,0,0,0,0,M,16,0,2023,1,P
2,3,2,2,1,3,1,0,0,0,M,13,1,2023,1,P
2,3,2,3,0,1,0,0,0,0,D,11,0,2023,1,P
2,2,1,3,2,1,0,0,0,0,I,11,0,2023,1,P
1,1,2,3,1,1,0,0,0,0,I,9,0,2023,1,P
3,1,2,2,1,1,0,0,0,0,I,10,0,2023,1,P
2,1,1,2,0,1,0,0,0,0,M,7,0,2023,1,U
3,1,3,3,1,1,0,0,0,0,M,12,0,2023,1,P
0,3,3,3,2,1,0,2,0,2,E,12,4,2023,1,P
3,1,1,3,0,0,0,0,0,0,BME,8,0,2023,1,U
2,1,2,3,1,1,0,0,0,0,M,10,0,2023,1,P
3,3,2,3,2,1,0,1,0,1,I,14,2,2023,1,P
3,3,2,3,2,3,0,0,0,0,M,16,0,2023,1,P
0,0,0,0,0,0,0,0,0,0,M,0,0,2023,1,U
3,3,1,3,1,3,2,0,0,0,I,14,2,2023,1,P
2,2,2,3,1,1,0,0,0,0,MD,11,0,2023,1,P
3,3,2,3,1,3,3,0,0,1,MD,15,4,2023,1,P
2,3,2,3,1,2,0,0,0,0,M,13,0,2023,1,P
3,3,1,3,1,3,0,1,0,1,I,14,2,2023,1,P
0,3,2,3,1,1,0,0,0,0,I,10,0,2023,1,P
2,3,2,3,1,1,0,0,0,0,I,12,0,2023,1,P
2,3,2,3,2,1,0,0,0,0,M,13,0,2023,1,P
3,3,2,3,2,3,3,0,0,1,MD,16,4,2023,1,P
3,3,2,3,3,3,1,0,1,1,M,17,3,2023,1,P
2,1,1,1,1,1,0,0,0,0,M,7,0,2023,1,U
3,1,2,2,1,1,0,0,0,0,BME,10,0,2023,1,P
3,1,2,3,1,3,0,0,0,0,M,13,0,2023,1,P
2,1,0,3,1,2,0,0,0,0,BME,9,0,2023,1,P
3,3,1,3,1,2,0,0,0,0,M,13,0,2023,1,P
3,3,3,3,3,3,3,3,3,3,Pi,18,12,2023,1,P
3,3,3,3,3,3,0,1,0,1,I,18,2,2023,1,P
2,2,2,3,1,1,0,0,0,0,I,11,0,2023,1,P
3,3,2,2,1,1,3,0,0,0,I,12,3,2023,1,P
2,3,2,3,1,1,3,0,0,0,I,12,3,2023,1,P
3,3,3,3,3,3,2,0,0,3,I,18,5,2023,1,P
3,1,2,3,1,1,0,0,0,0,BME,11,0,2023,1,P
2,3,3,3,1,1,0,0,0,1,M,13,1,2023,1,P
2,3,2,3,3,3,3,3,1,2,I,16,9,2023,1,P
3,3,1,3,1,2,0,0,0,0,I,13,0,2023,1,P
3,3,2,3,3,3,3,0,0,1,I,17,4,2023,1,P
3,3,2,2,3,1,0,2,0,2,I,14,4,2023,1,P
3,1,1,3,1,0,0,0,0,0,E,9,0,2023,1,P
0,2,2,3,1,1,0,0,0,0,M,9,0,2023,1,P
3,3,2,3,1,1,0,0,0,0,M,13,0,2023,1,P
1,1,2,3,1,3,1,0,0,0,I,11,1,2023,1,P
1,1,1,3,1,1,0,0,0,0,M,8,0,2023,1,U
3,1,2,3,1,1,0,0,0,0,M,11,0,2023,1,P
1,3,2,3,1,2,0,0,0,0,I,12,0,2023,1,P
3,3,2,3,1,1,3,1,0,0,I,13,4,2023,1,P
3,2,0,1,1,0,0,0,0,0,M,7,0,2023,1,U
2,3,2,3,1,1,0,0,0,0,C,12,0,2023,1,P
3,3,2,3,1,1,0,0,0,0,I,13,0,2023,1,P
3,1,2,3,1,1,0,0,0,0,M,11,0,2023,1,P
3,3,1,3,1,1,0,0,0,0,M,12,0,2023,1,P
3,3,2,3,1,1,0,0,0,0,M,13,0,2023,1,P
3,3,2,3,3,3,3,3,0,1,I,17,7,2023,1,P
3,3,3,3,3,3,0,0,0,1,D,18,1,2023,1,P
3,3,2,3,2,3,0,0,0,0,I,16,0,2023,1,P
3,2,0,2,2,1,0,0,0,0,M,10,0,2023,1,P
1,3,2,1,3,3,1,0,0,1,I,13,2,2023,1,P
3,3,2,3,3,0,0,0,0,0,M,14,0,2023,1,P
1,1,1,1,0,1,0,0,0,0,C,5,0,2023,1,U
1,3,1,3,1,0,0,0,0,0,-,9,0,2023,1,P
3,3,2,3,2,1,1,0,0,0,M,14,1,2023,1,P
3,3,3,3,2,3,0,0,0,0,M,17,0,2023,1,P
3,3,3,3,0,1,3,1,0,1,M,13,5,2023,1,P
3,3,3,3,3,3,0,0,0,0,M,18,0,2023,1,P
3,0,1,3,0,1,0,0,0,0,Bi,8,0,2023,1,U
3,3,2,3,2,3,0,0,1,0,M,16,1,2023,1,P
0,1,2,3,3,3,0,0,0,0,B ,12,0,2023,1,P
3,3,2,3,2,1,0,0,0,0,MD,14,0,2023,1,P
0,3,2,3,2,0,0,0,0,0,C,10,0,2023,1,U
3,2,3,3,2,1,0,0,0,0,M,14,0,2023,1,P
3,3,2,2,2,1,0,0,0,0,MD,13,0,2023,1,P
1,3,3,2,0,1,0,0,0,0,D,10,0,2023,1,P
3,2,1,3,3,3,3,0,0,0,I,15,3,2023,1,P
3,3,2,2,0,1,3,0,0,1,I,11,4,2023,1,P
0,3,2,3,2,3,0,0,0,0,M,13,0,2023,1,P
3,3,2,3,0,1,0,0,0,0,M,12,0,2023,1,P
3,3,3,3,2,1,0,0,0,0,C,15,0,2023,1,P
3,3,2,2,2,1,0,0,0,0,M,13,0,2023,1,P
3,3,1,3,2,1,0,0,0,0,MD1,13,0,2023,1,P
0,0,0,0,0,0,0,0,0,0,M,0,0,2023,1,U
2,3,3,2,2,1,0,0,0,0,MD,13,0,2023,1,P
3,3,3,3,3,1,1,0,0,0,M,16,1,2023,1,P
3,2,2,3,3,2,1,0,0,0,M,15,1,2023,1,P
1,1,2,3,2,1,0,0,0,0,M,10,0,2023,1,P
0,0,0,0,0,0,0,0,0,0,I,0,0,2023,1,U
0,2,2,0,1,1,0,0,0,0,C,6,0,2023,1,U
3,3,2,3,2,1,0,2,0,0,M,14,2,2023,1,P
3,3,2,0,0,1,0,0,0,0,M,9,0,2023,1,U
3,1,2,3,1,0,0,0,0,0,BME,10,0,2023,1,P
3,2,2,0,2,1,0,0,0,0,-,10,0,2023,1,P
3,1,1,3,2,1,0,0,0,0,M,11,0,2023,1,P
2,3,2,3,3,1,3,0,0,1,I,14,4,2023,1,P
3,3,1,3,2,1,0,0,0,0,M,13,0,2023,1,P
0,1,2,3,2,1,1,0,0,1,M,9,2,2023,1,P
2,3,3,3,3,1,0,0,0,0,I,15,0,2023,1,P
3,3,2,3,0,3,3,2,0,0,D,14,5,2023,1,P
0,1,2,3,2,3,0,0,0,0,M,11,0,2023,1,P
3,3,2,3,2,1,0,0,0,0,M,14,0,2023,1,P
3,3,2,3,3,1,0,0,0,0,W,15,0,2023,1,P
3,1,3,2,2,3,0,0,0,0,M,14,0,2023,1,P
3,3,3,3,3,3,0,0,0,0,MD,18,0,2023,1,P
3,3,2,3,0,1,0,1,0,1,I,12,2,2023,1,P
0,1,0,0,0,0,0,0,0,0,D,1,0,2023,1,U
0,1,0,2,0,1,0,0,0,0,M,4,0,2023,1,U
0,1,1,1,3,0,0,0,0,0,B,6,0,2023,1,U
3,2,2,3,2,3,0,3,0,0,I,15,3,2023,1,P
3,3,3,3,3,3,3,3,0,3,I,18,9,2023,1,P
3,1,2,3,2,0,0,0,0,0,M,11,0,2023,1,P
0,2,2,3,2,1,0,0,0,0,N,10,0,2023,1,P
3,2,2,2,2,1,0,0,0,0,Pi,12,0,2023,1,P
2,3,2,3,3,3,3,1,0,2,I,16,6,2023,1,P
1,2,1,3,2,3,0,0,0,0,M,12,0,2023,1,P
3,1,0,3,2,2,0,0,0,0,M,11,0,2023,1,P
3,3,2,3,2,3,3,0,0,1,I,16,4,2023,1,P
2,0,2,3,1,1,0,0,0,0,MD,9,0,2023,1,P
3,3,1,3,0,1,0,0,0,0,C,11,0,2023,1,P
2,1,0,3,2,3,0,0,0,0,M,11,0,2023,1,P
3,2,3,3,3,1,3,2,2,2,MD,15,9,2023,1,P
1,3,2,0,1,1,0,0,0,0,M,8,0,2023,1,U
3,3,2,3,2,3,0,1,0,0,I,16,1,2023,1,P
3,3,2,2,2,1,0,0,0,0,MD,13,0,2023,1,P
3,1,1,0,0,1,0,0,0,0,I,6,0,2023,1,U
0,1,1,3,2,0,0,0,0,0,W,7,0,2023,1,U
3,1,2,0,2,1,0,0,0,0,I,9,0,2023,1,P
0,0,0,2,0,0,0,0,0,0,TD,2,0,2023,1,U
0,1,1,2,2,0,0,0,0,0,C,6,0,2023,1,U
0,1,1,1,1,1,0,0,0,0,D,5,0,2023,1,U
3,3,3,3,3,3,2,1,0,1,I,18,4,2023,1,P
3,1,2,3,2,1,0,0,0,0,C,12,0,2023,1,P
1,0,0,3,2,1,0,0,0,0,W,7,0,2023,1,U
0,2,0,0,0,1,0,0,0,0,MD,3,0,2023,1,U
3,3,2,3,2,1,0,0,0,0,I,14,0,2023,1,P
2,2,3,2,0,1,0,0,0,1,M,10,1,2023,1,P
1,1,1,2,0,0,0,0,0,0,E,5,0,2023,1,U
3,3,0,0,0,2,0,0,0,0,C,8,0,2023,1,U
2,3,2,2,0,1,0,0,0,0,E,10,0,2023,1,P
2,2,1,2,1,2,0,0,0,0,M,10,0,2023,1,P
1,3,2,2,1,3,0,0,0,0,C,12,0,2023,1,P
2,1,2,2,2,1,2,0,0,0,I,10,2,2023,1,P
2,1,1,3,1,2,0,0,0,0,M,10,0,2023,1,P
3,3,0,2,3,3,0,0,0,0,D,14,0,2023,1,P
2,1,1,2,0,1,0,0,0,0,D,7,0,2023,1,U
2,3,2,2,1,1,0,0,0,0,M,11,0,2023,1,P
2,3,3,2,1,1,0,0,0,0,M,12,0,2023,1,P
2,1,1,2,3,2,0,0,0,0,M,11,0,2023,1,P
2,3,3,3,1,1,3,0,0,1,M,13,4,2023,1,P
3,3,3,2,1,1,0,0,0,1,M,13,1,2023,1,P
3,0,0,2,0,0,0,0,0,0,M,5,0,2023,1,U
3,1,2,2,1,1,0,0,0,0,M,10,0,2023,1,P
3,2,3,2,1,1,0,0,0,0,I,12,0,2023,1,P
3,0,1,3,1,1,0,0,0,0,I,9,0,2023,1,P
2,1,2,2,1,1,0,0,0,0,M,9,0,2023,1,P
2,1,1,2,1,3,0,0,0,0,Bi,10,0,2023,1,P
0,3,2,2,0,2,0,0,0,0,M,9,0,2023,1,U
2,3,3,2,1,1,0,0,0,1,I,12,1,2023,1,P
1,1,2,3,1,1,0,0,0,0,M,9,0,2023,1,P
2,0,1,2,1,0,0,0,0,0,M,6,0,2023,1,U
2,3,2,2,1,1,0,0,0,0,D,11,0,2023,1,P
3,3,1,3,1,1,3,0,0,1,I,12,4,2023,1,P
2,3,2,2,1,1,0,0,0,0,I,11,0,2023,1,P
0,2,2,3,1,1,0,0,0,0,C,9,0,2023,1,P
3,3,1,2,1,1,0,0,0,0,M,11,0,2023,1,P
2,3,2,2,3,3,1,0,0,1,I,15,2,2023,1,P
1,3,1,2,1,1,0,0,0,0,M,9,0,2023,1,P
0,0,0,0,0,0,0,0,0,0,E,0,0,2023,1,U
2,3,2,2,2,1,0,0,0,0,I,12,0,2023,1,P
1,0,0,0,1,0,0,0,0,0,M,2,0,2023,1,U
2,3,2,0,1,1,0,0,0,0,M,9,0,2023,1,P
0,3,2,2,1,1,0,0,0,0,M,9,0,2023,1,P
3,3,2,2,1,0,0,0,0,0,M,11,0,2023,1,P
3,2,2,2,1,3,0,0,0,1,MD,13,1,2023,1,P
0,3,2,3,3,3,3,1,2,1,C,14,7,2023,1,P
3,2,3,2,1,3,0,1,0,2,M,14,3,2023,1,P
3,1,0,2,1,0,0,0,0,0,M,7,0,2023,1,U
2,1,1,3,3,1,0,0,0,0,F,11,0,2023,1,P
0,0,2,2,0,1,0,0,0,0,MD,5,0,2023,1,U
2,3,2,1,1,0,0,0,0,0,D,9,0,2023,1,P
2,3,0,2,1,1,0,0,0,0,D,9,0,2023,1,P
3,0,2,2,1,1,0,0,0,0,Bi,9,0,2023,1,P
2,3,2,2,1,1,0,0,0,0,MD,11,0,2023,1,P
2,3,2,2,1,3,0,0,0,0,M,13,0,2023,1,P
3,1,1,2,1,3,0,0,1,1,I,11,2,2023,1,P
3,3,1,3,3,3,0,0,0,0,M,16,0,2023,1,P
0,0,0,0,0,0,0,0,0,0,C,0,0,2023,1,U
3,3,2,3,1,1,0,0,0,1,I,13,1,2023,1,P
3,3,2,3,1,1,0,0,0,0,M,13,0,2023,1,P
2,3,1,2,3,3,3,3,3,3,I,14,12,2023,1,P
2,2,1,2,0,0,0,0,0,0,I,7,0,2023,1,U
0,1,0,0,0,0,0,0,0,0,M,1,0,2023,1,U
0,1,2,2,1,0,0,0,0,0,M,6,0,2023,1,U
0,3,2,3,3,3,0,0,0,0,I,14,0,2023,1,P
0,0,0,0,0,0,0,0,0,0,I,0,0,2023,1,U
3,3,2,2,1,3,0,0,0,0,M,14,0,2023,1,P
0,3,2,2,1,3,0,0,0,0,I,11,0,2023,1,P
3,3,2,2,1,3,0,0,0,1,I,14,1,2023,1,P
3,1,2,2,3,1,0,0,0,0,M,12,0,2023,1,P
2,3,2,2,1,2,0,0,0,0,I,12,0,2023,1,P
0,3,1,1,3,3,0,0,0,2,I,11,2,2023,1,P
2,0,0,2,1,1,0,0,0,0,M,6,0,2023,1,U
0,0,0,0,0,0,0,0,0,0,M,0,0,2023,1,U
1,2,0,2,1,0,0,0,0,0,D,6,0,2023,1,U
2,1,0,2,0,2,0,0,0,0,C,7,0,2023,1,U
0,0,0,0,0,0,0,0,0,0,Pi,0,0,2023,1,U
0,0,0,0,0,1,0,0,0,0,I,1,0,2023,1,U
3,3,1,2,1,1,3,0,0,0,I,11,3,2023,1,P
3,3,2,3,2,2,0,0,0,0,I,15,0,2023,1,P
3,3,2,2,2,3,0,0,0,0,F,15,0,2023,1,P
0,3,2,2,1,1,0,0,0,0,I,9,0,2023,1,P
2,3,2,2,3,3,0,0,0,1,C,15,1,2023,1,P
0,0,0,0,0,1,0,0,0,0,C,1,0,2023,1,U
2,3,2,2,2,3,0,0,0,0,I,14,0,2023,1,P
2,1,2,2,3,1,3,0,0,1,M,11,4,2023,1,P
0,0,1,2,0,1,0,0,0,0,I,4,0,2023,1,U
3,3,3,3,3,1,0,0,0,0,MD,16,0,2023,1,P
0,1,2,3,1,3,0,0,0,0,F,10,0,2023,1,P
3,3,3,3,0,3,0,0,0,0,F,15,0,2023,1,P
1,2,2,3,0,1,0,0,0,0,E,9,0,2023,1,P
0,1,1,3,1,1,0,0,0,0,K,7,0,2023,1,U
3,3,2,3,3,1,0,0,0,1,I,15,1,2023,1,P
2,3,2,3,1,0,0,0,0,0,C,11,0,2023,1,P
3,0,2,3,0,1,0,0,0,0,C,9,0,2023,1,U
3,1,2,2,1,0,0,0,0,0,M,9,0,2023,1,P
1,1,1,3,2,0,0,1,0,0,I,8,1,2023,1,U
3,3,3,3,2,3,2,0,0,1,I,17,3,2023,1,P
0,3,2,3,1,3,0,0,0,1,,12,1,2023,1,P
3,3,2,3,3,3,0,0,0,1,I,17,1,2023,1,P
2,3,2,3,2,1,0,0,0,0,F,13,0,2023,1,P
0,0,0,0,0,0,0,0,0,0,C,0,0,2023,1,U
2,1,2,2,1,0,0,0,0,0,MD1,8,0,2023,1,U
3,2,2,3,1,2,0,0,0,0,M,13,0,2023,1,P
3,1,2,3,1,1,0,0,0,0,M,11,0,2023,1,P
3,3,2,3,1,3,0,0,0,0,K,15,0,2023,1,P
3,3,2,3,0,3,1,1,3,2,I,14,7,2023,1,P
3,1,1,3,1,3,0,0,0,1,I,12,1,2023,1,P
3,3,3,3,2,3,0,0,0,0,Pi,17,0,2023,1,P
3,3,2,3,2,3,0,1,0,1,M,16,2,2023,1,P
3,3,3,3,2,1,3,0,0,1,M,15,4,2023,1,P
3,1,0,3,1,1,0,0,0,0,Rh22,9,0,2023,1,P
3,2,1,3,2,1,0,0,0,0,I,12,0,2023,1,P
3,2,2,3,1,1,0,0,0,0,C,12,0,2023,1,P
3,3,2,3,1,1,0,0,0,0,F,13,0,2023,1,P
1,3,2,1,1,1,0,0,0,0,V,9,0,2023,1,P
2,2,1,3,1,0,0,0,0,0,M,9,0,2023,1,P
3,1,1,0,0,1,0,0,0,0,M,6,0,2023,1,U
3,3,2,3,1,3,0,0,0,1,M,15,1,2023,1,P
0,0,0,0,0,0,0,0,0,0,D,0,0,2023,1,U
1,0,2,0,0,1,0,0,0,0,M,4,0,2023,1,U
0,1,2,0,0,1,0,0,0,0,V,4,0,2023,1,U
1,0,1,0,1,0,0,0,0,0,I,3,0,2023,1,U
3,3,2,3,1,1,0,0,0,0,M,13,0,2023,1,P
1,3,2,3,1,1,0,0,0,0,I,11,0,2023,1,P
2,2,1,3,0,1,2,0,0,0,I,9,2,2023,1,P
3,1,1,3,1,0,0,0,0,0,M,9,0,2023,1,P
3,3,2,3,1,3,0,0,0,1,I,15,1,2023,1,P
3,3,2,3,2,1,0,0,0,0,I,14,0,2023,1,P
3,3,1,3,1,3,3,0,3,1,Pi,14,7,2023,1,P
0,2,2,3,1,1,0,0,0,0,M,9,0,2023,1,P
2,1,1,2,1,1,2,2,1,1,I,8,6,2023,1,U
3,3,1,3,0,2,0,0,0,0,I,12,0,2023,1,P
3,3,1,3,3,1,1,0,0,0,MD ,14,1,2023,1,P
3,3,2,3,3,3,0,0,0,0,M,17,0,2023,1,P
3,2,2,3,1,3,0,3,3,1,I,14,7,2023,1,P
1,0,1,3,1,1,0,0,0,0,M,7,0,2023,1,U
0,1,2,2,3,1,0,0,0,0,C,9,0,2023,1,P
2,3,3,3,1,2,0,0,0,0,M,14,0,2023,1,P
3,3,2,3,1,2,0,0,0,0,M,14,0,2023,1,P
2,3,2,3,2,1,0,0,0,1,I,13,1,2023,1,P
2,1,2,3,0,3,0,0,0,0,D,11,0,2023,1,P
1,3,2,3,2,1,0,0,0,0,M,12,0,2023,1,P
2,1,2,3,1,1,1,0,0,0,Pi,10,1,2023,1,P
1,0,2,0,2,1,0,0,0,0,C,6,0,2023,1,U
3,3,2,3,1,1,0,0,0,0,I,13,0,2023,1,P
3,3,3,3,3,1,0,0,0,0,D,16,0,2023,1,P
3,2,2,3,3,3,0,0,0,0,C,16,0,2023,1,P
3,3,3,3,2,3,3,0,1,0,F,17,4,2023,1,P
1,2,1,3,1,3,0,0,0,0,I,11,0,2023,1,P
3,3,3,3,2,1,0,0,0,1,I,15,1,2023,1,P
1,0,1,3,1,1,0,0,0,0,M,7,0,2023,1,U
3,3,2,2,1,3,0,0,0,0,I,14,0,2023,1,P
3,2,2,3,3,3,3,0,0,1,M,16,4,2023,1,P
2,0,0,0,1,0,0,0,0,0,M,3,0,2023,1,U
2,3,2,3,0,1,0,0,0,0,M,11,0,2023,1,P
2,2,2,3,1,3,0,0,0,1,F,13,1,2023,1,P
1,3,2,3,1,3,0,0,0,0,I,13,0,2023,1,P
0,3,3,3,1,0,0,0,0,0,K,10,0,2023,1,U
2,1,2,3,1,1,0,0,0,0,I,10,0,2023,1,P
0,0,0,0,0,1,0,0,0,0,C,1,0,2023,1,U
3,2,2,3,1,3,0,0,0,0,C,14,0,2023,1,P
0,0,0,0,0,0,0,0,0,0,E,0,0,2023,1,U
3,1,0,2,1,1,0,0,0,0,M,8,0,2023,1,U
2,3,3,3,0,1,0,0,0,0,C,12,0,2023,1,P
0,3,1,0,1,1,0,0,0,0,I,6,0,2023,1,U
3,3,3,3,3,3,0,3,0,3,I,18,6,2023,1,P
3,3,1,3,0,3,0,0,0,0,MD,13,0,2023,1,P
1,3,1,0,0,1,0,0,0,0,I,6,0,2023,1,U
0,0,0,0,0,0,0,0,0,0,C,0,0,2023,1,U
0,0,0,0,0,1,0,0,0,0,M,1,0,2023,1,U
1,1,1,3,1,1,0,0,0,0,M,8,0,2023,1,U
0,0,2,0,0,0,0,0,0,0,M,2,0,2023,1,U
3,3,0,2,3,1,3,2,1,1,Pi,12,7,2023,1,P
3,3,2,0,0,0,0,0,0,0,M,8,0,2023,1,U
0,0,1,0,0,0,0,0,0,0,M,1,0,2023,1,U
3,1,3,3,3,3,0,0,0,0,I,16,0,2023,1,P
3,3,0,3,2,1,0,0,0,0,M,12,0,2023,1,P
3,1,1,3,1,1,0,0,0,0,Pi,10,0,2023,1,P
1,3,1,3,0,0,0,0,0,0,I,8,0,2023,1,U
0,0,0,0,0,0,0,0,0,0,M,0,0,2023,1,U
1,3,1,3,2,0,1,3,0,1,I,10,5,2023,1,P
3,1,1,3,0,1,0,0,0,0,I,9,0,2023,1,P
0,3,1,3,1,1,0,0,0,0,I,9,0,2023,1,P
1,3,2,3,1,0,0,0,0,0,M,10,0,2023,1,P
0,2,1,1,1,1,0,0,0,0,MD,6,0,2023,1,U
2,3,1,3,1,2,0,0,2,1,TD,12,3,2023,1,P
3,3,0,3,1,1,0,0,0,0,I,11,0,2023,1,P
2,2,2,3,3,3,3,2,1,3,M,15,9,2023,1,P
3,3,3,3,0,1,0,0,0,0,C,13,0,2023,1,P
3,3,1,3,1,3,3,3,3,1,F,14,10,2023,1,P
3,3,3,3,3,3,0,0,0,0,M,18,0,2023,1,P
3,3,2,3,1,1,0,0,0,0,C,13,0,2023,1,P
1,3,3,2,0,1,0,1,0,1,I,10,2,2023,1,P
0,3,0,0,1,0,0,0,0,0,D,4,0,2023,1,U
0,0,0,0,0,1,0,0,0,0,C,1,0,2023,1,U
2,2,3,2,1,1,0,0,0,0,Bi,11,0,2023,1,P
3,3,2,3,2,1,0,0,0,0,C,14,0,2023,1,P
2,3,2,3,3,3,0,3,3,3,D,16,9,2023,1,P
2,3,2,0,1,1,0,0,0,0,C,9,0,2023,1,P
0,0,0,0,0,0,0,0,0,0,M,0,0,2023,1,U
2,3,2,0,0,1,0,0,0,0,E,8,0,2023,1,U
2,1,2,3,0,1,0,0,0,0,M,9,0,2023,1,P
3,3,1,3,2,1,0,0,0,0,-,13,0,2023,1,P
0,3,1,0,0,0,0,0,0,0,E,4,0,2023,1,U
1,1,2,3,3,1,3,3,0,1,I,11,7,2023,1,P
2,3,2,3,1,1,3,2,0,1,I,12,6,2023,1,P
0,0,0,0,0,0,0,0,0,0,C,0,0,2023,1,U
1,3,3,3,1,1,0,0,0,0,C,12,0,2023,1,P
0,3,1,3,0,1,0,0,0,0,-,8,0,2021,8,U
1,3,2,3,1,1,0,0,0,0,-,11,0,2021,8,P
3,3,3,2,3,3,3,3,0,0,-,17,6,2021,8,P
3,3,1,2,2,1,0,0,0,0,-,12,0,2021,8,P
3,3,1,0,1,1,0,0,0,0,-,9,0,2021,8,P
2,3,0,1,0,1,0,0,0,0,-,7,0,2021,8,U
3,1,1,0,1,1,0,0,0,0,-,7,0,2021,8,U
1,3,2,0,2,1,0,0,0,0,-,9,0,2021,8,P
0,3,0,1,1,1,0,0,0,0,-,6,0,2021,8,U
3,3,2,1,1,1,0,0,0,0,-,11,0,2021,8,P
1,0,1,0,2,1,0,0,0,0,-,5,0,2021,8,U
0,2,1,0,0,1,0,0,0,0,-,4,0,2021,8,U
2,1,2,3,2,0,0,0,0,0,-,10,0,2021,8,P
0,3,2,0,1,1,0,0,0,0,-,7,0,2021,8,U
3,3,2,3,3,1,3,0,0,0,-,15,3,2021,8,P
3,3,2,1,1,1,3,1,0,0,-,11,4,2021,8,P
3,0,2,2,0,1,0,0,0,0,-,8,0,2021,8,U
0,3,2,1,0,1,0,0,0,0,-,7,0,2021,8,U
3,3,2,3,1,1,3,1,0,0,-,13,4,2021,8,P
0,0,0,0,0,0,0,0,0,0,-,0,0,2021,8,U
0,3,0,0,0,0,0,0,0,0,-,3,0,2021,8,U
0,3,1,0,1,1,0,0,0,0,-,6,0,2021,8,U
0,3,1,3,2,1,0,0,0,0,-,10,0,2021,8,P
3,3,3,3,2,1,3,0,0,0,-,15,3,2021,8,P
3,1,2,2,0,2,0,0,0,0,-,10,0,2021,8,P
0,3,0,3,0,1,0,0,0,0,-,7,0,2021,8,U
2,0,1,0,1,1,0,0,0,0,-,5,0,2021,8,U
1,3,1,3,1,3,0,0,0,0,-,12,0,2021,8,P
3,3,2,3,3,2,0,0,0,0,-,16,0,2021,8,P
0,3,0,0,1,1,0,0,0,0,-,5,0,2021,8,U
0,3,2,3,2,1,0,0,0,0,-,11,0,2021,8,P
0,3,1,0,1,1,0,0,0,0,-,6,0,2021,8,U
3,3,2,3,2,3,3,0,0,0,-,16,3,2021,8,P
3,3,3,0,2,3,0,0,0,0,-,14,0,2021,8,P
0,1,1,0,1,1,0,0,0,0,-,4,0,2021,8,U
3,1,2,2,1,1,0,0,0,0,-,10,0,2021,8,P
0,0,0,0,0,1,0,0,0,0,-,1,0,2021,8,U
0,2,2,0,0,1,0,0,0,0,-,5,0,2021,8,U
1,3,2,1,1,1,0,0,0,0,-,9,0,2021,8,P
0,3,1,3,1,0,0,0,0,0,-,8,0,2021,8,U
0,3,2,2,2,1,0,0,0,0,-,10,0,2021,8,P
3,3,0,1,1,1,0,0,0,0,-,9,0,2021,8,P
2,3,2,2,2,1,0,0,0,0,-,12,0,2021,8,P
3,3,3,1,2,3,3,0,0,0,-,15,3,2021,8,P
2,3,1,0,1,1,0,0,0,0,-,8,0,2021,8,U
1,3,0,2,2,1,0,0,0,0,-,9,0,2021,8,P
3,3,2,3,2,2,3,0,0,0,-,15,3,2021,8,P
0,2,0,0,0,0,0,0,0,0,-,2,0,2021,8,U
0,3,1,3,1,1,0,0,0,0,-,9,0,2021,8,P
3,3,2,2,3,3,3,0,3,0,-,16,6,2021,8,P
2,3,0,0,2,1,0,0,0,0,-,8,0,2021,8,U
3,2,2,1,1,2,3,0,0,0,-,11,3,2021,8,P
1,3,0,0,1,1,0,0,0,0,-,6,0,2021,8,U
3,3,1,0,1,2,0,0,0,0,-,10,0,2021,8,P
3,3,3,1,2,0,0,0,0,0,-,12,0,2021,8,P
1,3,0,0,0,1,0,0,0,0,-,5,0,2021,8,U
3,3,3,1,2,0,0,0,0,0,-,12,0,2021,8,P
1,3,0,0,0,1,0,0,0,0,-,5,0,2021,8,U
0,2,0,0,2,0,0,0,0,0,-,4,0,2021,8,U
0,0,0,0,1,1,0,0,0,0,-,2,0,2021,8,U
3,2,1,3,2,3,0,0,0,0,-,14,0,2021,8,P
3,3,2,2,2,3,0,0,0,0,-,15,0,2021,8,P
0,3,0,2,2,1,0,0,0,0,-,8,0,2021,8,U
3,3,2,3,1,3,0,0,0,0,-,15,0,2021,8,P
3,3,1,0,2,1,3,0,0,0,-,10,3,2021,8,P
1,3,1,3,2,1,0,0,0,0,-,11,0,2021,8,P
3,3,3,3,2,3,3,3,0,0,-,17,6,2021,8,P
0,3,0,3,0,1,0,0,0,0,-,7,0,2021,8,U
3,3,0,0,1,1,0,0,0,0,-,8,0,2021,8,U
1,3,2,3,2,1,0,0,0,0,-,12,0,2021,8,P
3,3,1,0,1,1,0,0,0,0,-,9,0,2021,8,P
0,1,2,3,0,3,0,0,0,0,-,9,0,2021,8,U
3,3,3,3,3,3,3,3,0,0,-,18,6,2021,8,P
3,3,2,3,0,3,1,0,0,0,-,14,1,2021,8,P
2,3,0,2,2,1,3,0,0,0,-,10,3,2021,8,P
3,3,2,1,0,1,0,0,0,0,-,10,0,2021,8,P
0,1,0,0,0,1,0,0,0,0,-,2,0,2021,8,U
3,3,0,3,1,2,1,0,0,0,-,12,1,2021,8,P
3,3,2,3,2,0,1,0,0,0,-,13,1,2021,8,P
3,3,2,3,1,0,0,0,0,0,-,12,0,2021,8,P
0,0,0,0,0,0,0,0,0,0,-,0,0,2021,8,U
0,0,0,0,0,0,0,0,0,0,-,0,0,2021,8,U
3,3,2,3,0,1,0,0,0,0,-,12,0,2021,8,P
2,3,2,3,0,2,1,0,0,0,-,12,1,2021,8,P
3,1,1,0,0,0,0,0,0,0,-,5,0,2021,8,U
3,1,0,1,1,3,0,0,0,0,-,9,0,2021,8,P
0,3,1,0,0,0,0,0,0,0,-,4,0,2021,8,U
3,3,0,2,2,1,0,0,0,0,-,11,0,2021,8,P
0,3,1,0,1,1,0,0,0,0,-,6,0,2021,8,U
2,3,0,0,0,3,0,0,0,0,-,8,0,2021,8,U
3,3,2,3,1,3,3,0,0,0,-,15,3,2021,8,P
3,2,1,3,0,3,0,0,0,0,-,12,0,2021,8,P
3,3,2,3,1,1,3,0,0,0,-,13,3,2021,8,P
3,3,2,0,1,1,0,0,0,0,-,10,0,2021,8,P
3,3,2,3,2,0,0,0,0,0,-,13,0,2021,8,P
3,3,1,3,0,1,0,0,0,0,-,11,0,2021,8,P
0,2,3,0,0,0,0,0,0,0,-,5,0,2021,8,U
0,1,0,2,0,0,0,0,0,0,-,3,0,2021,8,U
3,3,2,1,1,1,3,0,0,0,-,11,3,2021,8,P
0,3,0,0,0,1,0,0,0,0,-,4,0,2021,8,U
3,3,0,0,1,2,0,0,0,0,-,9,0,2021,8,U
2,3,2,3,2,3,0,0,0,0,-,15,0,2021,8,P
2,3,2,2,1,1,0,0,0,0,-,11,0,2021,8,P
2,3,1,1,0,3,0,0,0,0,-,10,0,2021,8,P
0,1,0,0,0,1,0,0,0,0,-,2,0,2021,8,U
0,3,0,0,0,0,0,0,0,0,-,3,0,2021,8,U
2,3,0,2,1,2,0,0,0,0,-,10,0,2021,8,P
0,0,1,0,1,0,0,0,0,0,-,2,0,2021,8,U
0,0,1,0,1,0,0,0,0,0,-,2,0,2021,8,U
0,1,1,1,1,0,0,0,0,0,-,4,0,2021,8,U
1,1,0,0,1,0,0,0,0,0,-,3,0,2021,8,U
0,3,0,0,1,0,0,0,0,0,-,4,0,2021,8,U
2,2,0,1,1,0,0,0,0,0,-,6,0,2021,8,U
3,3,1,2,2,1,0,0,0,0,-,12,0,2021,8,P
0,0,0,0,0,0,0,0,0,0,-,0,0,2021,8,U
3,3,1,3,0,3,3,0,0,0,-,13,3,2021,8,P
1,3,0,2,0,0,0,0,0,0,-,6,0,2021,8,U
0,2,1,0,0,0,0,0,0,0,-,3,0,2021,8,U
3,3,2,2,2,0,3,0,0,0,-,12,3,2021,8,P
3,3,3,3,2,3,3,2,3,0,-,17,8,2021,8,P
3,2,0,0,1,1,0,0,0,0,-,7,0,2021,8,U
0,3,0,0,0,1,0,0,0,0,-,4,0,2021,8,U
3,0,0,0,1,3,0,0,0,0,-,7,0,2021,8,U
0,3,1,3,1,0,0,0,0,0,-,8,0,2021,8,U
0,3,0,0,1,1,0,0,0,0,-,5,0,2021,8,U
3,3,1,1,0,1,0,0,0,0,-,9,0,2021,8,P
3,3,1,0,2,1,0,0,0,0,-,10,0,2021,8,P
3,3,3,3,3,3,3,3,1,0,-,18,7,2021,8,P
2,3,2,3,1,0,0,0,0,0,-,11,0,2021,8,P
0,1,1,1,0,3,0,0,0,0,-,6,0,2021,8,U
0,2,2,0,1,1,0,0,0,0,-,6,0,2021,8,U
3,3,1,3,1,1,3,0,0,0,-,12,3,2021,8,P
3,3,1,0,0,0,0,0,0,0,-,7,0,2021,8,U
3,3,2,0,1,1,0,0,0,0,-,10,0,2021,8,P
3,3,2,2,0,1,0,0,0,0,-,11,0,2021,8,P
3,3,0,1,1,1,1,0,0,0,-,9,1,2021,8,P
3,3,1,3,0,1,0,0,0,0,-,11,0,2021,8,P
2,2,2,0,1,1,0,0,0,0,-,8,0,2021,8,U
3,3,2,2,1,1,0,0,0,0,-,12,0,2021,8,P
0,1,3,0,0,0,0,0,0,0,-,4,0,2021,8,U
3,3,1,3,2,1,0,0,0,0,-,13,0,2021,8,P
0,3,1,0,1,1,0,0,0,0,-,6,0,2021,8,U
3,3,2,1,0,1,0,0,0,0,-,10,0,2021,8,P
3,3,1,3,3,1,3,0,1,0,B,14,4,2023,3,P
3,2,3,3,3,3,0,0,0,0,W,17,0,2023,3,P
2,1,3,2,0,1,3,2,0,0,D,9,5,2023,3,P
3,2,1,1,0,2,0,0,0,0,W,9,0,2023,3,P
3,2,2,3,1,1,0,0,0,0,N,12,0,2023,3,P
0,0,0,0,0,0,0,0,0,0,L,0,0,2023,3,U
3,3,1,3,3,3,3,0,3,0,V,16,6,2023,3,P
3,3,2,3,3,3,3,0,1,0,B,17,4,2023,3,P
3,2,3,3,1,2,3,0,0,1,N,14,4,2023,3,P
3,1,1,3,3,1,0,0,0,0,K,12,0,2023,3,P
2,3,1,3,2,1,0,0,0,0,N,12,0,2023,3,P
3,3,3,2,2,2,0,0,0,0,L,15,0,2023,3,P
3,1,1,3,1,0,0,0,0,0,Bi,9,0,2023,3,P
0,1,1,0,0,0,0,0,0,0,V,2,0,2023,3,U
3,2,1,0,2,0,0,0,0,0,M,8,0,2023,3,U
3,1,3,3,3,1,0,0,0,0,E,14,0,2023,3,P
3,3,1,3,1,1,0,0,0,0,V,12,0,2023,3,P
3,3,3,3,3,3,3,0,2,0,W,18,5,2023,3,P
3,1,3,2,3,3,0,0,0,0,N,15,0,2023,3,P
0,1,1,3,0,2,0,0,0,0,V,7,0,2023,3,U
3,3,3,3,0,2,0,0,0,0,V,14,0,2023,3,P
3,2,1,2,0,1,0,0,0,0,V,9,0,2023,3,P
1,1,1,3,1,0,0,0,0,0,N,7,0,2023,3,U
0,1,0,1,0,0,0,0,0,0,,2,0,2023,3,U
1,1,1,3,0,0,0,0,0,0,C,6,0,2023,3,U
3,1,1,3,3,3,0,0,0,0,E,14,0,2023,3,P
1,3,1,0,3,1,0,0,0,0,E,9,0,2023,3,P
3,3,0,3,0,0,0,0,0,0,M,9,0,2023,3,U
3,2,1,3,2,1,0,0,0,0,BME,12,0,2023,3,P
1,3,1,3,1,0,0,0,0,0,E,9,0,2023,3,P
3,2,1,3,2,1,0,0,0,0,E,12,0,2023,3,P
0,0,1,0,1,0,0,0,0,0,K,2,0,2023,3,U
0,0,0,0,0,0,0,0,0,0,,0,0,2023,3,U
1,2,1,1,0,0,0,0,0,0,N,5,0,2023,3,U
0,0,0,0,0,0,0,0,0,0,D,0,0,2023,3,U
3,3,3,3,3,2,0,0,0,0,B,17,0,2023,3,P
3,3,1,3,2,2,0,0,0,0,K,14,0,2023,3,P
3,2,1,0,1,1,0,0,0,0,V,8,0,2023,3,U
3,0,0,3,0,1,0,0,0,0,M,7,0,2023,3,U
3,3,1,1,2,1,0,0,0,0,,11,0,2023,3,P
1,0,1,2,2,0,0,0,0,0,E,6,0,2023,3,U
1,1,0,0,1,0,0,0,0,0,W,3,0,2023,3,U
1,3,0,3,0,1,0,0,0,0,E,8,0,2023,3,U
2,3,1,2,1,0,0,0,0,0,N,9,0,2023,3,P
1,3,3,3,3,1,0,0,0,0,B,14,0,2023,3,P
3,2,1,3,0,0,0,0,0,0,V,9,0,2023,3,U
0,2,1,3,3,1,0,0,0,0,D,10,0,2023,3,P
3,2,1,3,2,0,0,0,0,0,Bi,11,0,2023,3,P
0,0,0,0,0,0,0,0,0,0,K,0,0,2023,3,U
3,2,1,3,0,0,0,0,0,0,W,9,0,2023,3,U
2,1,0,3,1,0,0,0,0,0,Bi,7,0,2023,3,U
2,1,1,0,2,1,0,0,0,0,V,7,0,2023,3,U
3,2,1,3,1,1,0,0,0,0,V,11,0,2023,3,P
3,2,1,2,1,1,0,0,0,0,V,10,0,2023,3,P
0,0,0,0,0,0,0,0,0,0,V,0,0,2023,3,U
3,3,1,3,2,1,1,0,0,0,B,13,1,2023,3,P
2,2,3,3,1,1,0,0,1,0,B,12,1,2023,3,P
2,2,1,2,1,2,0,0,0,0,M,10,0,2023,3,P
3,3,3,3,3,1,0,0,0,0,E,16,0,2023,3,P
1,1,1,1,1,2,0,0,0,0,E,7,0,2023,3,U
3,2,1,2,1,3,1,0,0,0,V,12,1,2023,3,P
2,2,0,3,2,2,0,0,0,0,E,11,0,2023,3,P
3,3,1,3,2,2,1,0,0,0,W,14,1,2023,3,P
3,2,3,2,2,1,0,0,0,0,V,13,0,2023,3,P
1,3,1,2,1,1,0,0,0,0,L,9,0,2023,3,P
3,3,1,3,3,1,0,0,0,0,K,14,0,2023,3,P
3,0,1,3,1,1,0,0,0,0,V,9,0,2023,3,P
3,3,0,3,2,1,0,0,0,0,BME,12,0,2023,3,P
3,0,2,0,0,0,0,0,0,0,E,5,0,2023,3,U
3,2,1,3,2,0,0,0,0,0,V,11,0,2023,3,P
1,3,1,3,0,0,0,0,0,0,Bi,8,0,2023,3,U
3,3,3,3,2,3,0,0,0,0,V,17,0,2023,3,P
1,1,0,2,0,1,0,0,0,0,Bi,5,0,2023,3,U
3,2,1,3,3,3,2,0,0,1,D,15,3,2023,3,P
2,2,1,0,0,1,0,0,0,0,B,6,0,2023,3,U
3,2,3,3,2,1,0,0,0,0,B,14,0,2023,3,P
1,1,1,3,3,3,0,0,0,1,N,12,1,2023,3,P
3,3,1,3,1,2,0,0,0,0,B,13,0,2023,3,P
3,3,1,3,3,1,0,0,0,0,L,14,0,2023,3,P
3,2,1,3,2,0,0,0,0,0,L,11,0,2023,3,P
3,3,3,3,2,3,0,0,0,0,B,17,0,2023,3,P
3,2,1,3,3,2,0,0,0,0,W,14,0,2023,3,P
3,1,1,3,0,1,0,0,0,0,B,9,0,2023,3,P
3,2,1,3,1,1,3,0,2,0,K,11,5,2023,3,P
3,0,1,3,3,2,3,0,0,0,N,12,3,2023,3,P
3,1,1,0,4,1,0,0,0,0,K,10,0,2023,3,P
1,2,1,3,2,0,0,0,0,0,MD,9,0,2023,3,P
3,1,0,3,0,1,0,0,0,0,E,8,0,2023,3,U
3,2,2,3,0,3,0,0,0,0,D,13,0,2023,3,P
2,2,1,2,2,0,0,0,0,0,V,9,0,2023,3,P
3,3,3,3,3,1,0,0,2,1,E,16,3,2023,3,P
3,1,1,3,3,3,0,0,0,0,B,14,0,2023,3,P
1,2,1,2,3,0,0,0,0,0,Pi,9,0,2023,3,P
3,2,3,3,3,2,0,0,0,0,V,16,0,2023,3,P
3,2,1,3,2,1,0,0,0,0,V,12,0,2023,3,P
3,3,3,3,3,2,3,2,3,0,B,17,8,2023,3,P
3,2,0,3,2,1,0,0,0,0,K,11,0,2023,3,P
1,1,1,3,1,0,0,0,0,0,B,7,0,2023,3,U
2,1,3,3,3,3,0,0,0,0,B,15,0,2023,3,P
3,3,1,3,2,3,0,0,0,0,K,15,0,2023,3,P
2,2,1,3,2,1,0,0,0,0,D,11,0,2023,3,P
3,1,3,3,2,0,0,0,0,0,I,12,0,2023,3,P
3,1,1,3,1,0,0,0,0,0,V,9,0,2023,3,P
1,2,3,3,1,2,0,0,0,0,V,12,0,2023,3,P
0,1,1,0,1,0,0,0,0,0,W,3,0,2023,3,U
0,1,1,3,0,0,0,0,0,0,Pi,5,0,2023,3,U
1,1,3,3,3,1,0,0,0,0,V,12,0,2023,3,P
1,2,1,0,0,3,0,0,0,0,D,7,0,2023,3,U
1,2,0,3,1,0,0,0,0,0,Bi,7,0,2023,3,U
0,0,0,0,0,0,0,0,0,0,E,0,0,2023,3,U
3,2,3,3,3,3,3,0,0,1,B,17,4,2023,3,P
3,3,3,3,3,3,3,2,2,0,B,18,7,2023,3,P
3,1,3,3,3,3,3,1,0,0,K,16,4,2023,3,P
3,3,3,3,3,3,3,0,0,0,B,18,3,2023,3,P
2,2,3,3,2,1,0,0,0,0,E,13,0,2023,3,P
1,2,3,3,2,1,0,0,0,0,V,12,0,2023,3,P
0,0,0,0,0,0,0,0,0,0,K,0,0,2023,3,U
0,3,0,0,1,0,0,0,0,0,V,4,0,2023,3,U
1,3,0,0,1,0,0,0,0,0,W,5,0,2023,3,U
3,3,1,3,2,2,3,0,2,0,N,14,5,2023,3,P
3,1,0,3,1,0,0,0,0,0,V,8,0,2023,3,U
3,2,1,3,2,0,0,0,0,0,K,11,0,2023,3,P
2,2,1,3,1,2,0,0,0,0,V,11,0,2023,3,P
1,3,1,3,1,3,0,0,0,0,N,12,0,2023,3,P
0,0,1,0,0,1,0,0,0,0,C,2,0,2023,3,U
3,3,1,3,1,0,0,0,0,0,,11,0,2023,3,P
3,2,3,3,3,3,3,0,2,0,B,17,5,2023,3,P
3,2,3,3,0,1,0,0,0,0,N,12,0,2023,3,P
1,3,1,3,1,2,0,0,0,0,V,11,0,2023,3,P
3,3,0,3,2,0,0,0,0,0,W,11,0,2023,3,U
1,0,1,0,0,0,0,0,0,0,K,2,0,2023,3,U
0,0,0,3,0,0,0,0,0,0,E,3,0,2023,3,U
3,3,1,3,2,2,0,0,0,0,V,14,0,2023,3,P
1,2,1,3,2,0,0,0,0,0,K,9,0,2023,3,P
3,2,1,2,1,0,0,0,0,0,L,9,0,2023,3,P
2,0,0,1,0,0,0,0,0,0,,3,0,2023,3,U
2,3,3,3,3,3,0,0,2,0,N,17,2,2023,3,P
3,2,1,3,2,1,1,0,3,0,K,12,4,2023,3,P
3,2,1,3,3,3,0,0,0,0,K,15,0,2023,3,P
2,3,1,3,1,0,0,0,0,0,K,10,0,2023,3,P
1,1,3,3,0,1,0,0,0,0,N,9,0,2023,3,P
3,2,3,2,3,1,3,2,0,1,W,14,6,2023,3,P
1,3,3,3,3,3,3,0,2,0,W,16,5,2023,3,P
3,2,1,3,0,1,3,0,0,0,D,10,3,2023,3,P
3,3,3,3,3,1,2,0,0,1,B,16,3,2023,3,P
1,2,3,2,2,0,0,0,0,0,L,10,0,2023,3,P
1,2,1,3,2,1,0,0,0,0,V,10,0,2023,3,P
3,3,1,3,3,3,0,0,0,0,Bi,16,0,2023,3,P
0,2,1,1,2,0,0,0,0,0,MD,6,0,2023,3,U
1,3,2,3,2,0,0,0,0,0,Bi,11,0,2023,3,P
2,1,1,3,3,1,0,0,0,0,Bi,11,0,2023,3,P
0,2,1,0,0,0,0,0,0,0,E,3,0,2023,3,U
2,3,3,3,1,1,0,0,0,0,Bi,13,0,2023,3,P
3,2,1,3,3,0,0,0,0,0,Bi,12,0,2023,3,P
2,3,1,2,2,1,0,0,0,0,,11,0,2023,3,P
3,1,2,0,0,0,0,0,0,0,N,6,0,2023,3,U
3,3,3,2,2,1,0,0,0,0,L,14,0,2023,3,P
0,0,0,0,0,0,0,0,0,0,Bi,0,0,2023,3,U
2,3,0,3,0,1,0,0,0,0,M,9,0,2023,3,U
2,1,0,0,0,3,0,0,0,0,Bi,6,0,2023,3,U
3,3,3,3,2,1,0,0,0,0,N,15,0,2023,3,P
0,1,0,3,0,1,0,0,0,0,E,5,0,2023,3,U
3,1,1,2,1,2,0,0,0,0,W,10,0,2023,3,P
2,2,1,3,2,0,0,0,0,0,Bi,10,0,2023,3,P
3,2,1,3,2,2,0,0,0,0,L,13,0,2023,3,P
3,2,1,2,3,1,0,0,0,0,L,12,0,2023,3,P
3,1,1,3,1,3,0,0,0,0,V,12,0,2023,3,P
3,3,3,2,3,2,0,0,1,0,V,16,1,2023,3,P
3,2,1,3,1,0,0,0,0,0,L,10,0,2023,3,P
3,2,3,3,3,2,0,0,0,0,N,16,0,2023,3,P
2,3,1,2,2,2,0,0,0,0,MD,12,0,2023,3,P
3,2,3,3,1,3,0,0,2,0,E,15,2,2023,3,P
1,3,0,3,2,1,0,0,0,0,L,10,0,2023,3,P
0,2,0,3,0,0,0,0,0,0,B,5,0,2023,3,U
2,2,1,3,2,0,0,0,1,0,K,10,1,2023,3,P
3,3,3,3,2,1,0,2,2,0,B,15,4,2023,3,P
2,2,3,3,2,1,0,0,1,0,B,13,1,2023,3,P
1,3,1,3,3,3,0,0,0,0,V,14,0,2023,3,P
3,3,3,3,2,3,0,0,0,0,E,17,0,2023,3,P
1,2,3,3,2,2,0,0,0,0,Bi,13,0,2023,3,P
3,3,3,3,3,2,1,0,1,0,E,17,2,2023,3,P
3,3,3,2,3,0,0,0,0,0,Bi,14,0,2023,3,P
1,3,1,3,2,0,0,0,0,0,Bi,10,0,2023,3,P
3,3,0,2,1,1,0,0,0,0,D,10,0,2023,3,P
3,3,1,2,0,1,0,0,0,0,B,10,0,2023,3,P
1,2,1,3,0,0,0,0,0,0,C,7,0,2023,3,U
1,2,1,2,3,2,0,0,0,0,V,11,0,2023,3,P
1,2,3,2,3,3,0,1,3,0,Bi,14,4,2023,3,P
3,2,3,3,3,1,0,0,0,0,V,15,0,2023,3,P
3,3,3,3,2,3,0,0,0,0,B,17,0,2023,3,P
3,3,1,2,3,3,0,0,0,0,K,15,0,2023,3,P
3,3,3,3,2,3,0,0,0,0,B,17,0,2023,3,P
3,2,1,2,0,2,0,0,0,0,D,10,0,2023,3,P
1,3,1,3,0,0,0,0,0,0,V,8,0,2023,3,U
3,1,3,2,2,3,0,0,0,0,E,14,0,2023,3,P
1,2,1,3,2,1,0,0,0,0,L,10,0,2023,3,P
3,3,3,3,2,2,0,0,0,0,K,16,0,2023,3,P
3,3,3,3,3,2,0,0,0,0,K,17,0,2023,3,P
2,3,3,3,1,1,0,0,0,0,V,13,0,2023,3,P
3,2,1,3,2,1,0,0,0,0,B,12,0,2023,3,P
3,3,3,3,1,2,0,0,0,0,V,15,0,2023,3,P
0,1,0,2,0,0,0,0,0,0,E,3,0,2023,3,U
0,2,1,3,0,0,0,0,0,0,Bi,6,0,2023,3,U
3,2,3,3,3,0,0,0,0,0,Bi,14,0,2023,3,P
3,3,3,2,3,0,0,0,0,0,E,14,0,2023,3,P
3,2,1,3,1,1,0,0,0,0,V,11,0,2023,3,P
3,2,3,3,2,2,0,0,0,0,C,15,0,2023,3,P
3,2,3,3,3,1,3,2,0,0,I,15,5,2023,3,P
2,2,3,3,0,2,0,0,0,0,V,12,0,2023,3,P
3,3,1,2,3,3,0,0,0,0,E,15,0,2023,3,P
3,3,3,3,2,3,0,0,0,0,E,17,0,2023,3,P
3,2,0,2,3,1,0,0,0,0,K,11,0,2023,3,P
2,2,3,3,3,0,0,0,0,0,E,13,0,2023,3,P
3,2,3,3,3,1,3,0,1,0,E,15,4,2023,3,P
1,3,1,3,2,2,0,0,0,0,Bi,12,0,2023,3,P
1,3,3,3,2,2,0,0,0,0,B,14,0,2023,3,P
3,1,1,3,1,0,0,0,0,0,V,9,0,2023,3,P
3,2,1,3,2,2,0,0,0,0,E,13,0,2023,3,P
3,3,2,2,0,1,0,0,0,0,L,11,0,2023,3,P
2,1,0,2,1,0,0,0,0,0,V,6,0,2023,3,U
1,2,1,3,0,1,0,0,0,0,V,8,0,2023,3,U
3,1,2,3,1,2,0,0,0,0,W,12,0,2023,3,P
1,3,1,3,2,0,0,0,0,0,L,10,0,2023,3,P
3,3,3,3,3,0,0,0,0,0,L,15,0,2023,3,P
0,0,0,3,0,0,0,0,0,0,L,3,0,2023,3,U
0,2,0,3,1,0,0,0,0,0,L,6,0,2023,3,U
1,2,0,0,1,0,0,0,0,0,K,4,0,2023,3,U
0,1,0,0,0,0,0,0,0,0,Bi,1,0,2023,3,U
3,2,3,3,2,1,0,0,0,0,V,14,0,2023,3,P
0,0,0,0,0,0,0,0,0,0,Pi,0,0,2023,3,U
0,1,1,3,2,0,0,0,0,0,E,7,0,2023,3,U
3,3,3,3,3,1,3,1,0,0,W,16,4,2023,3,P
3,3,3,3,3,1,0,0,0,0,W,16,0,2023,3,P
3,2,2,3,1,2,0,0,0,0,B,13,0,2023,3,P
3,3,2,3,3,1,3,0,3,0,N,15,6,2023,3,P
1,2,1,0,0,0,0,0,0,0,V,4,0,2023,3,U
3,2,1,3,3,2,1,0,2,0,K,14,3,2023,3,P
0,0,1,3,1,2,0,0,0,0,E,7,0,2023,3,U
3,3,1,3,2,2,0,0,0,0,K,14,0,2023,3,P
2,3,1,0,1,2,0,0,0,0,W,9,0,2023,3,P
3,3,3,3,3,1,0,0,0,0,V,16,0,2023,3,P
3,3,1,3,1,0,0,0,0,0,V,11,0,2023,3,P
0,3,3,3,2,2,0,0,0,0,N,13,0,2023,3,P
1,3,1,3,2,3,0,0,0,0,B,13,0,2023,3,P
3,2,3,3,2,3,0,0,0,0,Bi,16,0,2023,3,P
3,3,3,3,2,2,0,0,0,0,Bi,16,0,2023,3,P
3,2,3,3,3,1,0,1,0,0,N,15,1,2023,3,P
3,0,0,3,1,1,0,0,0,0,L,8,0,2023,3,U
3,3,1,3,3,1,0,0,0,0,L,14,0,2023,3,P
3,3,0,3,1,1,0,0,0,0,C,11,0,2023,3,P
2,3,1,3,2,1,0,0,0,0,M,12,0,2023,3,P
3,1,3,3,3,1,0,0,0,0,W,14,0,2023,3,P
1,3,0,3,1,1,0,0,0,0,E,9,0,2023,3,P
3,2,0,0,3,0,0,0,0,0,M,8,0,2023,3,U
1,1,3,3,1,3,0,0,0,0,V,12,0,2023,3,P
3,2,3,3,2,1,1,0,0,0,E,14,1,2023,3,P
1,2,1,3,2,1,0,0,0,0,Bi,10,0,2023,3,P
3,3,3,3,2,1,0,0,0,0,M,15,0,2023,3,P
0,0,1,0,0,1,0,0,0,0,K,2,0,2023,3,U
3,3,3,3,1,1,0,0,0,0,K,14,0,2023,3,P
3,2,3,3,3,1,0,0,0,0,W,15,0,2023,3,P
3,3,3,3,3,3,0,0,0,0,B,18,0,2023,3,P
3,2,3,3,2,3,0,0,0,0,E,16,0,2023,3,P
1,2,3,3,2,0,0,0,0,0,Bi,11,0,2023,3,P
3,2,1,3,1,1,0,0,0,0,W,11,0,2023,3,P
1,2,1,3,0,0,0,0,0,0,K,7,0,2023,3,U
3,1,1,3,1,0,0,0,0,0,W,9,0,2023,3,P
1,2,1,0,1,0,0,0,0,0,E,5,0,2023,3,U
3,3,3,3,0,1,0,0,0,0,K,13,0,2023,3,P
3,2,3,3,2,1,0,0,0,0,B,14,0,2023,3,P
3,3,3,3,0,1,0,0,0,0,W,13,0,2023,3,P
3,3,3,3,3,3,0,0,0,0,V,18,0,2023,3,P
3,3,3,3,3,3,1,0,3,0,E,18,4,2023,3,P
3,2,3,3,2,3,0,0,0,0,B,16,0,2023,3,P
3,2,3,3,3,2,0,0,0,0,K,16,0,2023,3,P
3,2,1,3,2,2,0,0,0,0,E,13,0,2023,3,P
3,2,3,3,3,3,0,0,0,0,V,17,0,2023,3,P
3,3,3,3,2,2,0,0,0,0,W,16,0,2023,3,P
3,2,3,3,3,3,0,0,0,0,K,17,0,2023,3,P
3,3,3,3,2,3,0,0,0,0,W,17,0,2023,3,P
1,2,1,3,2,0,0,0,0,0,L,9,0,2023,3,P
3,2,0,3,2,1,0,0,0,0,Bi,11,0,2023,3,P
1,1,0,1,0,1,0,0,0,0,V,4,0,2023,3,U
3,3,3,3,3,2,2,0,0,0,W,17,2,2023,3,P
3,2,3,0,1,2,3,0,3,1,F,11,7,2023,3,P
3,3,2,3,3,3,3,0,3,1,N,17,7,2023,3,P
1,1,1,0,2,1,0,0,0,0,W,6,0,2023,3,U
1,3,3,3,2,0,0,0,0,0,W,12,0,2023,3,P
1,3,0,3,2,1,0,0,0,0,V,10,0,2023,3,P
3,3,1,3,0,0,1,0,0,0,E,10,1,2023,3,U
3,2,1,3,3,3,3,2,3,1,W,15,9,2023,3,P
3,2,3,3,3,3,1,0,0,0,B,17,1,2023,3,P
3,3,3,3,2,3,0,0,0,0,Bi,17,0,2023,3,P
3,3,1,3,2,1,0,0,0,0,L,13,0,2023,3,P
3,3,1,3,3,0,0,0,0,0,W,13,0,2023,3,P
0,0,0,0,0,0,0,0,0,0,Bi,0,0,2023,3,U
3,3,1,3,2,1,0,0,0,0,E,13,0,2023,3,P
3,1,1,3,3,2,0,0,0,0,L,13,0,2023,3,P
3,2,3,3,3,1,0,0,0,0,W,15,0,2023,3,P
2,2,1,3,1,0,0,0,0,0,L,9,0,2023,3,P
3,3,3,3,3,1,0,0,0,0,E,16,0,2023,3,P
1,0,1,0,0,0,0,0,0,0,Bi,2,0,2023,3,U
3,3,3,0,2,1,3,0,1,0,N,12,4,2023,3,P
0,1,0,0,0,0,0,0,0,0,E,1,0,2023,3,U
1,2,1,3,2,0,0,0,0,0,MD,9,0,2023,3,P
0,0,0,0,0,0,0,0,0,0,W,0,0,2023,3,U
0,0,0,1,0,0,0,0,0,0,E,1,0,2023,3,U
0,1,0,0,0,0,0,0,0,0,V,1,0,2023,3,U
3,1,1,3,2,2,3,1,2,1,N,12,7,2023,3,P
3,3,3,3,3,3,3,1,0,0,B,18,4,2023,3,P
3,3,1,2,1,2,0,0,0,0,B,12,0,2023,3,P
0,1,3,3,0,3,0,0,0,0,E,10,0,2023,3,U
1,3,1,3,1,1,0,0,0,0,B,10,0,2023,3,P
2,1,3,3,2,3,0,0,0,0,E,14,0,2023,3,P
3,3,1,3,1,0,0,0,0,0,K,11,0,2023,3,P
3,3,3,1,3,3,0,2,0,0,V,16,2,2023,3,P
1,3,0,3,0,1,0,0,0,0,L,8,0,2023,3,U
3,1,1,1,1,0,0,0,0,0,Bi,7,0,2023,3,U
0,0,0,0,0,0,0,0,0,0,L,0,0,2023,3,U
3,1,1,3,2,2,0,0,0,0,D,12,0,2023,3,P
0,2,0,3,0,0,0,0,0,0,L,5,0,2023,3,U
1,3,0,3,1,1,0,0,0,0,V,9,0,2023,3,P
3,2,3,3,3,2,1,0,0,0,E,16,1,2023,3,P
0,1,1,0,0,0,0,0,0,0,V,2,0,2023,3,U
1,1,1,1,1,0,0,0,0,0,Bi,5,0,2023,3,U
0,1,0,0,0,0,0,0,0,0,Bi,1,0,2023,3,U
3,3,3,0,2,2,0,0,0,0,K,13,0,2023,3,P
1,2,1,0,0,0,0,0,0,0,I,4,0,2023,3,U
3,1,0,3,1,1,0,0,0,0,W,9,0,2023,3,P
3,2,1,3,2,1,0,0,0,0,L,12,0,2023,3,P
2,2,3,1,3,0,3,0,0,0,W,11,3,2023,3,P
3,1,1,3,0,0,0,0,0,0,M,8,0,2023,3,U
3,1,1,0,0,0,0,0,0,0,K,5,0,2023,3,U
1,1,1,3,2,2,0,0,1,0,D,10,1,2023,3,P
0,0,1,0,0,0,0,0,0,0,M,1,0,2023,3,U
1,1,1,3,2,3,0,0,0,0,W,11,0,2023,3,P
2,3,3,3,1,1,0,0,0,0,W,13,0,2023,3,P
3,3,3,3,3,2,0,0,0,0,V,17,0,2023,3,P
3,3,1,3,1,2,1,0,1,0,K,13,2,2023,3,P
3,1,1,2,0,0,0,0,0,0,V,7,0,2023,3,U
1,2,0,3,2,0,0,0,0,0,L,8,0,2023,3,U
1,1,0,2,0,0,0,0,0,0,L,4,0,2023,3,U
3,2,0,1,0,0,0,0,0,0,L,6,0,2023,3,U
3,1,1,3,1,1,0,0,0,0,K,10,0,2023,3,P
0,0,1,1,0,0,0,0,0,0,,2,0,2023,3,U
0,0,1,0,0,0,0,0,0,0,K,1,0,2023,3,U
0,1,0,0,0,0,0,0,0,0,W,1,0,2023,3,U
1,2,3,2,1,2,3,0,0,0,M,11,3,2023,3,P
2,1,3,1,0,0,0,0,0,0,K,7,0,2023,3,U
0,1,0,3,0,0,0,0,0,0,,4,0,2023,3,U
3,1,0,1,1,1,0,0,0,0,E,7,0,2023,3,U
2,0,0,3,0,0,0,0,0,0,L,5,0,2023,3,U
3,1,3,3,1,1,0,0,0,0,E,12,0,2023,3,P
3,3,0,3,1,1,0,0,0,0,Pi,11,0,2023,3,P
1,1,1,3,1,3,0,0,0,0,E,10,0,2023,3,P
2,1,3,3,2,1,3,2,2,0,N,12,7,2023,3,P
3,2,1,2,2,1,0,0,1,0,B,11,1,2023,3,P
2,3,3,3,3,2,0,0,0,0,E,16,0,2023,3,P
1,2,1,3,2,0,0,0,0,0,E,9,0,2023,3,P
1,2,0,2,0,0,0,0,0,0,L,5,0,2023,3,U
3,2,3,2,2,1,0,0,0,0,V,13,0,2023,3,P
3,3,3,3,2,1,1,0,0,0,W,15,1,2023,3,P
1,2,1,3,3,1,0,0,0,0,B,11,0,2023,3,P
0,1,0,3,1,0,0,0,0,0,Bi,5,0,2023,3,U
1,2,3,3,3,1,0,0,0,0,L,13,0,2023,3,P
3,2,1,1,2,1,0,0,0,0,V,10,0,2023,3,P
1,3,1,3,2,0,0,0,0,0,Bi,10,0,2023,3,P
3,2,2,3,2,1,0,0,0,0,B,13,0,2023,3,P
3,1,3,0,0,0,0,0,0,0,Bi,7,0,2023,3,U
1,2,1,1,0,0,0,0,0,0,M,5,0,2023,3,U
3,3,3,3,2,1,0,0,0,0,Bi,15,0,2023,3,P
3,3,3,0,1,1,0,0,0,0,V,11,0,2023,3,P
1,3,1,3,2,1,0,0,0,0,V,11,0,2023,3,P
3,2,1,3,2,2,0,0,0,0,V,13,0,2023,3,P
1,3,2,3,3,3,0,0,0,0,E,15,0,2023,3,P
3,2,3,3,3,2,1,0,0,0,E,16,1,2023,3,P
3,3,2,3,2,0,0,0,0,0,L,13,0,2023,3,P
1,3,1,2,2,0,0,0,0,0,V,9,0,2023,3,P
3,3,3,3,3,2,0,0,0,0,B,17,0,2023,3,P
0,3,1,3,2,3,0,0,0,0,N,12,0,2023,3,P
3,2,3,3,2,3,0,0,0,0,Bi,16,0,2023,3,P
1,1,1,3,1,0,0,0,0,0,N,7,0,2023,3,U
3,3,1,3,3,2,0,0,0,0,V,15,0,2023,3,P
3,3,3,3,3,2,3,2,3,0,B,17,8,2023,3,P
1,2,2,3,2,1,3,0,0,0,E,11,3,2023,3,P
3,3,1,3,0,3,0,0,0,0,K,13,0,2023,3,P
3,2,2,2,3,1,0,0,2,0,L,13,2,2023,3,P
3,3,3,3,0,1,0,0,0,0,E,13,0,2023,3,P
3,2,3,3,3,1,0,0,0,0,V,15,0,2023,3,P
3,2,1,3,2,0,0,0,0,0,V,11,0,2023,3,P
3,3,3,3,3,2,0,0,0,0,V,17,0,2023,3,P
2,3,1,3,0,1,0,0,0,0,W,10,0,2023,3,P
3,3,1,3,2,0,0,0,0,0,L,12,0,2023,3,P
2,1,1,3,1,1,0,0,0,0,K,9,0,2023,3,P
1,2,1,2,1,0,0,0,0,0,K,7,0,2023,3,U
1,2,0,2,1,0,0,0,0,0,L,6,0,2023,3,U
0,1,1,1,1,0,0,0,0,0,B,4,0,2023,3,U
1,2,0,3,2,1,0,0,0,0,V,9,0,2023,3,P
1,2,0,2,1,0,0,0,0,0,L,6,0,2023,3,U
0,0,0,0,0,0,0,0,0,0,V,0,0,2023,3,U
0,1,0,3,0,0,0,0,0,0,Bi,4,0,2023,3,U
0,1,1,0,0,1,0,0,0,0,E,3,0,2023,3,U
1,3,2,3,1,0,0,0,0,0,L,10,0,2023,3,P
3,2,1,1,2,1,0,0,0,0,D,10,0,2023,3,P
0,0,0,0,0,0,0,0,0,0,L,0,0,2023,3,U
0,1,0,3,0,0,0,0,0,0,,4,0,2023,3,U
3,3,3,3,3,3,0,0,0,0,L,18,0,2023,3,P
1,0,3,3,0,0,0,0,0,0,N,7,0,2023,3,U
1,1,1,2,2,0,0,0,0,0,E,7,0,2023,3,U
1,3,1,3,2,1,0,0,0,0,B,11,0,2023,3,P
3,3,1,2,1,1,0,0,0,0,L,11,0,2023,3,P
3,3,1,3,2,0,0,0,0,0,K,12,0,2023,3,P
2,1,1,1,1,0,0,0,0,0,D,6,0,2023,3,U
3,2,1,3,3,3,1,0,2,0,V,15,3,2023,3,P
3,1,0,1,2,2,0,0,0,0,K,9,0,2023,3,P
1,2,1,3,2,2,0,0,0,0,N,11,0,2023,3,P
0,2,0,0,0,1,0,0,0,0,E,3,0,2023,3,U
3,2,1,3,3,1,0,0,0,0,W,13,0,2023,3,P
0,1,0,3,3,0,0,0,0,0,E,7,0,2023,3,U
1,3,0,2,3,2,0,0,0,0,E,11,0,2023,3,P
1,0,1,3,0,1,0,0,0,0,I,6,0,2023,3,U
3,3,1,3,2,1,0,0,0,0,E,13,0,2023,3,P
1,2,1,0,0,0,0,0,0,0,V,4,0,2023,3,U
3,3,3,3,2,0,0,0,0,0,W,14,0,2023,3,P
3,3,3,3,1,2,0,0,0,0,V,15,0,2023,3,P
2,3,1,3,2,1,0,1,0,0,E,12,1,2023,3,P
3,1,1,3,2,0,0,0,0,0,E,10,0,2023,3,P
3,3,2,3,0,1,0,0,0,0,E,12,0,2023,3,P
3,3,3,3,2,1,0,0,0,0,K,15,0,2023,3,P
3,3,1,3,3,0,0,0,0,0,B,13,0,2023,3,P
2,2,3,3,3,2,0,1,1,0,N,15,2,2023,3,P
3,3,3,3,3,3,3,0,1,0,B,18,4,2023,3,P
3,2,3,0,3,1,0,0,0,0,W,12,0,2023,3,P
3,3,3,3,2,3,0,0,0,0,W,17,0,2023,3,P
3,1,1,3,0,0,0,0,0,0,C,8,0,2023,3,U
0,0,0,0,0,1,0,0,0,0,Bi,1,0,2023,3,U
1,2,2,1,1,2,0,0,0,0,V,9,0,2023,3,P
1,1,2,2,0,2,0,0,0,0,N,8,0,2023,3,U
1,1,0,1,0,1,0,0,0,0,V,4,0,2023,3,U
3,1,1,3,2,1,0,0,0,0,V,11,0,2023,3,P
0,2,2,2,3,1,0,0,0,0,N,10,0,2023,3,P
3,1,3,3,3,3,0,0,0,0,E,16,0,2023,3,P
3,1,1,2,3,2,0,0,0,0,E,12,0,2023,3,P
2,2,3,0,1,0,0,0,0,0,V,8,0,2023,3,U
3,2,2,3,3,1,0,0,0,0,V,14,0,2023,3,P
1,1,0,3,0,1,0,0,0,0,K,6,0,2023,3,U
1,1,2,3,1,1,0,0,0,0,V,9,0,2023,3,P
3,2,3,3,1,0,0,0,0,1,M,12,1,2023,3,P
1,3,0,1,2,0,0,0,0,0,L,7,0,2023,3,U
3,3,0,0,1,0,0,0,0,0,D,7,0,2023,3,U
3,2,3,1,1,0,0,0,0,0,MD,10,0,2023,3,P
1,3,1,2,2,0,0,0,0,0,L,9,0,2023,3,P
3,3,1,3,2,0,0,0,0,0,L,12,0,2023,3,P
3,3,1,3,3,3,0,0,0,0,E,16,0,2023,3,P
3,2,1,3,3,3,3,0,0,1,,15,4,2023,3,P
1,1,0,0,0,0,0,0,0,0,B,2,0,2023,3,U
3,0,2,3,2,1,0,0,0,0,V,11,0,2023,3,P
3,2,1,3,1,2,0,0,0,0,W,12,0,2023,3,P
3,2,1,3,1,0,0,0,0,0,C,10,0,2023,3,P
1,2,1,2,2,2,0,0,0,0,M,10,0,2023,3,P
1,1,1,3,2,1,0,0,0,0,Bi,9,0,2023,3,P
3,2,1,3,2,1,0,0,0,0,W,12,0,2023,3,P
3,2,3,3,3,3,0,0,0,0,E,17,0,2023,3,P
1,2,1,0,1,2,0,0,0,0,E,7,0,2023,3,U
3,2,3,3,2,3,0,0,0,0,E,16,0,2023,3,P
3,3,2,3,3,3,0,0,1,0,E,17,1,2023,3,P
3,1,0,3,1,1,0,0,0,0,E,9,0,2023,3,P
1,2,1,3,3,2,3,2,2,0,E,12,7,2023,3,P
2,0,1,3,0,0,0,0,0,0,E,6,0,2023,3,U
3,3,3,2,3,2,0,0,0,1,W,16,1,2023,3,P
3,2,1,3,1,0,0,0,0,0,V,10,0,2023,3,P
2,3,1,3,1,2,0,0,0,0,N,12,0,2023,3,P
3,3,3,3,2,0,0,0,0,0,B,14,0,2023,3,P
3,0,0,0,0,0,0,0,0,0,V,3,0,2023,3,U
3,2,3,3,1,3,0,0,0,0,B,15,0,2023,3,P
0,1,0,0,2,0,0,0,0,0,Bi,3,0,2023,3,U
3,1,2,3,1,1,0,0,0,0,N,11,0,2023,3,P
3,3,3,3,2,1,1,0,0,1,K,15,2,2023,3,P
3,2,3,3,2,2,0,0,0,0,W,15,0,2023,3,P
1,2,3,3,2,1,0,0,0,0,L,12,0,2023,3,P
1,1,0,1,0,0,0,0,0,0,L,3,0,2023,3,U
1,1,0,2,0,0,0,0,0,0,L,4,0,2023,3,U
3,2,2,3,2,1,0,0,0,1,B,13,1,2023,3,P
2,2,3,3,0,3,0,0,0,0,K,13,0,2023,3,P
3,3,1,3,3,1,0,0,0,0,Bi,14,0,2023,3,P
1,3,2,3,2,3,0,0,0,0,E,14,0,2023,3,P
3,2,1,3,3,1,0,0,0,0,E,13,0,2023,3,P
3,2,1,3,0,1,0,0,0,0,K,10,0,2023,3,P
1,2,1,3,2,2,0,0,0,0,B,11,0,2023,3,P
3,3,3,3,2,2,1,0,2,1,E,16,4,2023,3,P
0,1,1,0,0,0,0,0,0,0,E,2,0,2023,3,U
1,1,0,3,2,1,0,0,0,0,E,8,0,2023,3,U
3,1,3,3,3,1,0,0,0,0,E,14,0,2023,3,P
3,2,3,3,2,2,0,0,0,0,K,15,0,2023,3,P
3,3,3,3,3,3,0,1,0,1,V,18,2,2023,3,P
3,2,3,3,3,3,3,1,0,1,B,17,5,2023,3,P
3,1,1,3,0,0,0,0,0,0,Bi,8,0,2023,3,U
3,2,2,3,2,1,0,0,0,0,Bi,13,0,2023,3,P
0,1,0,0,0,0,0,0,0,0,E,1,0,2023,3,U
1,1,1,2,0,1,0,0,0,0,Bi,6,0,2023,3,U
1,1,0,0,0,0,0,0,0,0,W,2,0,2023,3,U
1,1,1,3,2,0,0,0,0,0,V,8,0,2023,3,U
2,1,2,3,1,0,0,0,0,0,C,9,0,2023,3,P
3,3,3,2,3,0,0,0,0,0,N,14,0,2023,3,P
3,1,1,1,2,2,0,1,0,0,N,10,1,2023,3,P
1,1,1,1,2,0,0,0,0,0,L,6,0,2023,3,U
1,1,2,2,3,0,0,0,0,0,N,9,0,2023,3,P
3,2,3,3,3,1,2,1,0,2,M,15,5,2023,3,P
3,2,1,3,2,2,0,0,0,0,N,13,0,2023,3,P
3,3,0,3,3,1,0,0,0,0,N,13,0,2023,3,P
3,2,3,3,3,3,0,0,0,0,,17,0,2023,3,P
3,2,3,1,3,3,3,2,1,0,W,15,6,2023,3,P
3,3,3,3,3,1,0,0,0,0,E,16,0,2023,3,P